,ENSO,PDO,NAO,AO,obsT
1951-01-01,1.5,-1.19,0.08,-0.085,1.75
1951-02-01,0.9,-1.52,0.7,-0.4,0.45999998
1951-03-01,-0.1,-1.72,-1.02,-1.934,-0.56
1951-04-01,-0.3,-1.35,-0.22,-0.776,-1.73
1951-05-01,-0.7,-1.29,-0.59,-0.863,0.84
1951-06-01,0.2,-1.77,-1.64,-0.918,-1.26
1951-07-01,-1.0,-0.23,1.37,0.09,-0.69
1951-08-01,-0.2,-1.76,-0.22,-0.377,-1.03
1951-09-01,-1.1,-0.78,-1.36,-0.818,-1.5999999
1951-10-01,-1.0,-0.09,1.87,-0.213,1.03
1951-11-01,-0.8,-0.31,-0.39,-0.069,-3.97
1951-12-01,-0.7,-1.45,1.32,1.987,-0.93
1952-01-01,-0.9,-2.19,0.93,0.368,3.29
1952-02-01,-0.6,-1.35,-0.83,-1.747,3.12
1952-03-01,0.5,-1.67,-1.49,-1.859,-0.55
1952-04-01,-0.2,-1.92,1.01,0.539,0.31
1952-05-01,0.8,-2.07,-1.12,-0.774,-0.78999996
1952-06-01,0.7,-2.13,-0.4,-0.441,2.47
1952-07-01,0.5,-2.05,-0.09,0.383,1.38
1952-08-01,0.1,-1.58,-0.28,-0.03,-0.38
1952-09-01,-0.2,-1.36,-0.54,-0.383,-0.31
1952-10-01,0.4,-0.91,-0.73,-0.437,-2.9399998
1952-11-01,0.0,-0.53,-1.13,-1.891,0.94
1952-12-01,-1.2,-0.83,-0.43,-1.827,1.9
1953-01-01,0.3,-0.16,0.33,-1.036,3.79
1953-02-01,-0.5,-0.46,-0.49,-0.249,3.1599998
1953-03-01,-0.2,-1.27,-0.04,1.068,1.29
1953-04-01,0.2,-0.9,-1.67,-1.256,-2.1599998
1953-05-01,-1.7,-0.55,-0.66,-0.562,0.71
1953-06-01,0.1,-0.2,1.09,0.023,1.9699999
1953-07-01,-0.0,0.06,0.4,0.333,0.64
1953-08-01,-1.2,-0.92,-0.71,0.085,0.71999997
1953-09-01,-1.2,-1.11,-0.35,0.662,0.37
1953-10-01,0.1,-1.48,1.32,-0.194,2.03
1953-11-01,-0.3,-0.51,1.04,0.354,1.3399999
1953-12-01,-0.5,-0.18,-0.47,0.575,1.49
1954-01-01,0.7,-1.13,0.37,-0.148,2.48
1954-02-01,-0.3,-0.95,0.74,-0.181,5.52
1954-03-01,0.3,-1.15,-0.83,0.476,-1.03
1954-04-01,0.6,-1.25,1.34,0.512,2.35
1954-05-01,0.5,-0.76,-0.09,-1.656,-2.5
1954-06-01,0.1,0.49,-0.25,-0.268,1.99
1954-07-01,0.4,-0.08,-0.6,0.341,0.74
1954-08-01,1.1,-0.32,-1.9,-0.122,-0.12
1954-09-01,0.2,-1.05,-0.44,0.301,1.52
1954-10-01,0.3,0.02,0.6,0.513,0.39
1954-11-01,0.1,0.85,0.4,-0.328,0.32999998
1954-12-01,1.4,0.49,0.69,0.553,0.78
1955-01-01,-0.5,-0.23,-1.84,-1.163,1.14
1955-02-01,1.9,-1.01,-1.12,-1.542,0.81
1955-03-01,0.6,-1.24,-0.53,-1.568,0.47
1955-04-01,-0.1,-2.21,-0.42,0.194,3.37
1955-05-01,1.0,-1.89,-0.34,0.242,1.1
1955-06-01,1.3,-2.18,-1.1,-0.266,-1.8
1955-07-01,1.6,-2.75,1.76,0.332,2.73
1955-08-01,1.5,-2.66,1.07,0.76,2.23
1955-09-01,1.3,-2.48,0.32,0.357,0.79999995
1955-10-01,1.5,-3.35,-1.47,0.099,0.45999998
1955-11-01,1.2,-2.63,-1.29,-1.342,-2.25
1955-12-01,1.0,-2.2,0.17,-0.444,-1.5799999
1956-01-01,1.3,-2.26,-0.22,-1.204,1.4599999
1956-02-01,1.6,-2.28,-1.12,-2.029,1.3199999
1956-03-01,1.3,-2.93,-0.05,0.47,0.01
1956-04-01,0.9,-2.55,-1.06,-0.868,-1.38
1956-05-01,1.4,-1.62,2.21,1.391,0.13
1956-06-01,1.1,-1.98,0.1,0.28,0.96999997
1956-07-01,1.1,-1.48,-0.75,-0.215,-0.75
1956-08-01,1.2,-1.0,-1.37,-0.652,0.25
1956-09-01,0.1,-0.28,0.24,-0.202,-0.85999995
1956-10-01,1.8,-1.66,0.88,1.139,2.9299998
1956-11-01,0.2,-2.44,0.51,-0.066,-0.03
1956-12-01,1.1,-1.27,0.1,0.001,2.83
1957-01-01,0.6,-1.31,1.05,2.062,-1.8199999
1957-02-01,-0.1,-1.57,0.11,-1.513,3.4199998
1957-03-01,0.2,-0.83,-1.26,-2.013,0.47
1957-04-01,0.2,-0.81,0.49,0.238,0.14
1957-05-01,-0.7,-0.02,-0.79,-0.966,-0.35
1957-06-01,0.2,1.53,-0.72,-0.76,0.12
1957-07-01,0.2,0.59,-1.19,-0.646,0.45999998
1957-08-01,-0.5,0.34,-0.55,0.097,0.099999994
1957-09-01,-0.9,1.84,-1.66,-0.956,-0.98999995
1957-10-01,0.0,1.72,1.32,0.903,-1.87
1957-11-01,-1.0,1.54,0.73,-1.38,-0.21
1957-12-01,-0.3,0.46,0.12,0.828,2.95
1958-01-01,-1.9,0.83,-0.54,-1.438,1.4599999
1958-02-01,-0.5,0.94,-1.06,-2.228,-3.28
1958-03-01,0.3,0.62,-1.96,-2.522,-0.90999997
1958-04-01,0.4,0.56,0.37,-0.36,0.32999998
1958-05-01,-0.5,1.46,-0.24,-0.336,-0.17
1958-06-01,0.3,1.82,-1.38,-1.149,-2.83
1958-07-01,0.4,0.61,-1.73,-0.684,-0.87
1958-08-01,0.9,1.06,-1.56,-0.755,-0.07
1958-09-01,-0.3,0.77,-0.07,-0.012,-0.19
1958-10-01,0.1,0.28,0.16,0.77,0.66999996
1958-11-01,-0.4,0.28,1.64,-0.011,1.31
1958-12-01,-0.6,1.14,-0.7,-1.687,-4.0299997
1959-01-01,-0.9,1.04,-0.87,-2.013,-1.5699999
1959-02-01,-1.4,0.35,0.68,2.544,0.22999999
1959-03-01,1.3,-0.14,-0.15,1.432,0.03
1959-04-01,0.4,-0.16,0.36,0.119,-0.04
1959-05-01,0.5,-0.13,0.39,-0.341,2.45
1959-06-01,-0.1,0.23,0.4,-0.033,0.78999996
1959-07-01,-0.3,-0.42,0.74,0.105,-0.22
1959-08-01,-0.1,-0.31,0.06,-0.745,2.6499999
1959-09-01,0.0,-0.53,0.88,-0.281,1.3399999
1959-10-01,0.5,0.96,0.89,-0.249,-0.87
1959-11-01,0.9,1.38,0.41,-1.411,-3.32
1959-12-01,0.9,1.02,0.44,-0.042,3.27
1960-01-01,0.1,0.24,-1.29,-2.484,2.7
1960-02-01,0.1,0.61,-1.89,-2.212,-0.57
1960-03-01,1.0,0.23,-0.5,-1.625,-6.97
1960-04-01,0.8,0.21,1.36,-0.297,1.66
1960-05-01,0.5,0.35,0.45,-0.857,-1.43
1960-06-01,0.1,1.2,-0.21,0.055,-1.28
1960-07-01,0.5,-0.42,0.35,-0.619,-1.15
1960-08-01,0.8,-0.31,-1.4,-1.008,0.69
1960-09-01,0.7,-0.96,0.39,-0.382,1.9699999
1960-10-01,0.1,-0.34,-1.73,-1.187,0.04
1960-11-01,0.5,-0.34,-0.51,-0.553,0.98999995
1960-12-01,0.8,0.0,0.06,-0.343,-2.48
1961-01-01,-0.3,0.89,0.41,-1.506,-0.26
1961-02-01,0.9,0.92,0.45,0.621,3.22
1961-03-01,-1.8,0.64,0.55,0.341,2.2
1961-04-01,0.8,0.28,-1.55,-0.237,-3.1
1961-05-01,0.3,-0.54,-0.36,0.157,-2.4299998
1961-06-01,0.1,-0.7,0.86,0.837,-0.88
1961-07-01,0.2,-1.23,-0.39,-0.108,-0.44
1961-08-01,0.2,-0.87,0.9,0.013,0.02
1961-09-01,0.1,-1.34,1.24,0.815,1.8399999
1961-10-01,-0.3,-1.78,0.51,0.203,0.76
1961-11-01,0.5,-1.43,-0.62,-0.01,0.14
1961-12-01,1.5,-1.73,-1.48,-1.668,-1.29
1962-01-01,2.0,-1.0,0.61,1.645,-1.81
1962-02-01,-0.3,-0.87,0.55,-0.358,-0.37
1962-03-01,0.1,-1.06,-2.47,-2.848,-1.39
1962-04-01,0.2,-0.95,0.99,1.169,-0.48
1962-05-01,1.1,-1.3,-0.1,0.068,3.52
1962-06-01,0.7,-1.71,0.16,0.287,0.25
1962-07-01,0.1,-1.83,-2.47,-0.927,-1.39
1962-08-01,0.6,-0.66,0.14,0.152,0.049999997
1962-09-01,0.4,-1.47,-0.37,-0.056,-1.56
1962-10-01,1.0,-1.76,0.41,-0.016,1.29
1962-11-01,0.3,-0.38,-0.23,-1.112,0.03
1962-12-01,0.2,-0.23,-1.32,-0.711,-2.3999999
1963-01-01,1.0,0.12,-2.12,-3.311,-4.39
1963-02-01,0.6,0.15,-0.96,-1.721,-4.17
1963-03-01,1.1,-0.28,-0.43,0.724,2.07
1963-04-01,0.8,-0.27,-1.35,-0.348,1.03
1963-05-01,0.4,-1.26,2.16,0.771,-1.15
1963-06-01,-0.5,-0.6,-0.43,-0.585,0.59
1963-07-01,-0.1,-1.11,-0.77,-0.303,-0.29999998
1963-08-01,0.0,-1.01,-0.64,-0.625,-1.61
1963-09-01,-0.6,1.08,1.79,0.083,-0.47
1963-10-01,-1.2,0.34,0.94,1.069,4.5099998
1963-11-01,-0.8,-0.5,-1.27,-0.419,2.2
1963-12-01,-1.2,0.45,-1.92,-1.178,-6.0
1964-01-01,-0.4,0.34,-0.95,0.385,3.3799999
1964-02-01,0.0,0.21,-1.43,-0.575,0.22999999
1964-03-01,1.1,-0.71,-1.2,-0.558,-0.12
1964-04-01,1.1,-1.27,0.36,0.663,0.7
1964-05-01,0.2,-2.39,0.52,1.174,2.4299998
1964-06-01,0.8,-0.86,1.29,0.142,0.84
1964-07-01,0.6,-1.08,1.9,0.734,0.38
1964-08-01,1.5,-1.6,-1.77,-1.207,-0.79999995
1964-09-01,1.3,-1.35,0.2,-0.227,0.02
1964-10-01,1.3,-0.64,0.74,0.342,-1.81
1964-11-01,0.2,-0.68,-0.01,-0.344,2.05
1964-12-01,-0.3,-0.62,-0.15,-0.246,-0.59999996
1965-01-01,-0.4,-0.95,-0.12,-1.046,1.23
1965-02-01,0.4,-0.61,-1.55,-2.084,-0.16
1965-03-01,0.8,-0.17,-1.51,-0.905,-3.76
1965-04-01,-0.5,-0.01,0.72,0.568,-0.45999998
1965-05-01,0.2,-0.66,-0.62,-0.153,3.01
1965-06-01,-0.6,-0.76,0.29,0.038,-0.31
1965-07-01,-1.8,-0.74,0.32,-0.51,-1.09
1965-08-01,-0.7,0.32,0.45,-0.255,-1.06
1965-09-01,-1.3,0.83,0.37,-0.698,0.24
1965-10-01,-0.9,0.3,0.38,0.394,-0.38
1965-11-01,-1.5,0.47,-1.66,-1.341,1.13
1965-12-01,0.2,0.25,1.37,0.163,3.8999999
1966-01-01,-1.3,-0.67,-1.74,-3.232,-1.64
1966-02-01,-0.2,-0.43,-1.39,-1.438,0.52
1966-03-01,-0.9,-1.0,0.56,-0.911,1.68
1966-04-01,-0.2,-0.37,-0.75,-1.837,-1.5899999
1966-05-01,-0.4,-0.76,0.22,1.124,-2.8899999
1966-06-01,0.3,0.1,1.05,0.408,0.29
1966-07-01,0.1,0.01,0.32,0.011,1.48
1966-08-01,0.6,-0.29,-1.76,-0.945,-0.95
1966-09-01,-0.2,-0.35,-0.45,0.011,-1.3399999
1966-10-01,-0.1,-0.6,-0.68,-1.077,-1.49
1966-11-01,-0.0,-0.71,-0.04,0.111,0.93
1966-12-01,-0.3,-0.21,0.72,-1.401,0.24
1967-01-01,1.7,-0.24,-0.89,-0.576,3.23
1967-02-01,1.7,-0.25,0.19,1.18,-2.28
1967-03-01,1.2,-0.8,1.51,1.967,0.87
1967-04-01,-0.0,-1.13,0.18,1.7,0.82
1967-05-01,-0.0,-1.54,-0.99,0.127,-2.69
1967-06-01,0.6,-1.2,1.4,0.647,0.83
1967-07-01,0.2,-1.21,0.41,0.259,-1.53
1967-08-01,0.7,-1.55,1.44,-0.293,-2.1499999
1967-09-01,0.5,-0.6,0.93,0.133,-1.63
1967-10-01,0.1,-0.06,0.07,1.299,-0.58
1967-11-01,-0.4,0.36,0.6,0.334,-2.01
1967-12-01,-0.6,-0.68,-0.45,-0.347,1.3
1968-01-01,0.5,-0.65,0.13,-0.409,-0.35
1968-02-01,1.3,-0.19,-1.29,-2.154,-1.62
1968-03-01,0.1,0.08,0.4,1.741,2.3799999
1968-04-01,0.0,-0.69,-1.08,0.328,0.82
1968-05-01,1.2,-0.79,-1.76,-0.241,-1.92
1968-06-01,1.1,0.14,0.33,0.42,0.52
1968-07-01,0.7,0.44,-0.8,-0.836,-0.28
1968-08-01,0.3,-0.01,-0.66,-0.671,0.68
1968-09-01,-0.3,0.26,-1.92,-1.009,-0.13
1968-10-01,-0.1,-0.18,-2.3,-1.013,0.13
1968-11-01,-0.3,0.03,-0.93,-2.183,0.39
1968-12-01,0.2,-0.29,-1.4,-0.783,-0.41
1969-01-01,-1.5,-0.71,-0.83,-2.967,-0.63
1969-02-01,-0.5,-1.22,-1.55,-3.114,1.11
1969-03-01,0.4,-1.21,-1.56,-1.582,-1.88
1969-04-01,-0.4,-1.07,1.53,0.438,0.75
1969-05-01,-0.2,-1.06,0.55,-0.72,0.099999994
1969-06-01,0.2,0.84,0.55,-0.348,-1.8299999
1969-07-01,-0.5,-0.37,0.57,0.41,0.37
1969-08-01,-0.1,-0.92,-1.45,-0.782,0.29999998
1969-09-01,-1.0,-1.07,2.07,-0.083,-0.29999998
1969-10-01,-0.9,0.95,0.66,0.098,-0.79999995
1969-11-01,-0.1,0.58,-0.96,0.326,-1.4699999
1969-12-01,0.4,1.13,-0.28,-1.856,-1.01
1970-01-01,-1.1,1.06,-1.5,-2.412,-3.52
1970-02-01,-1.0,1.01,0.64,-1.325,-0.31
1970-03-01,0.6,1.2,-0.96,-2.084,-1.4499999
1970-04-01,-0.1,0.31,-1.3,0.302,0.66999996
1970-05-01,0.4,-0.89,1.14,0.531,1.7199999
1970-06-01,1.0,-0.12,1.55,0.875,-0.25
1970-07-01,-0.4,-0.92,0.1,0.139,0.11
1970-08-01,0.6,-1.79,0.1,-0.263,0.25
1970-09-01,1.2,-1.68,-0.09,0.03,1.0
1970-10-01,1.0,-1.2,-0.92,0.098,0.66999996
1970-11-01,1.6,-0.92,-0.6,0.378,-0.31
1970-12-01,1.9,-0.91,-1.2,-0.399,1.3299999
1971-01-01,0.4,-1.34,-1.13,-0.163,-1.65
1971-02-01,2.0,-1.45,0.24,-0.922,0.25
1971-03-01,2.3,-1.55,-0.84,-1.091,-1.31
1971-04-01,1.7,-1.7,-0.24,-0.583,-0.53999996
1971-05-01,0.9,-1.75,0.5,0.679,-1.64
1971-06-01,0.4,-1.86,-1.57,-0.668,2.37
1971-07-01,0.2,-2.25,0.24,-0.578,-1.51
1971-08-01,1.5,-0.32,1.55,0.818,-0.95
1971-09-01,1.4,-0.17,0.39,0.153,1.7099999
1971-10-01,1.7,-0.35,0.58,1.185,3.9199998
1971-11-01,0.5,-1.28,-0.2,0.419,0.39999998
1971-12-01,0.3,-1.77,0.6,0.824,3.61
1972-01-01,0.5,-2.12,0.27,0.166,0.06
1972-02-01,1.1,-1.95,0.32,-0.195,-0.85999995
1972-03-01,0.6,-1.53,0.72,-0.141,-0.44
1972-04-01,-0.1,-1.7,-0.22,1.007,-1.24
1972-05-01,-1.6,-2.16,0.95,0.14,1.0
1972-06-01,-0.5,-1.84,0.88,-0.049,-2.06
1972-07-01,-1.4,-1.48,0.18,-0.553,-0.53
1972-08-01,-0.5,-0.11,1.32,-0.082,-0.06
1972-09-01,-1.4,-0.2,-0.12,-0.92,0.38
1972-10-01,-0.9,-0.22,1.09,0.392,-2.06
1972-11-01,-0.3,-0.05,0.54,-0.38,-1.4399999
1972-12-01,-1.3,-0.37,0.19,1.238,-0.75
1973-01-01,-0.3,-0.15,0.04,1.232,3.11
1973-02-01,-1.4,-0.55,0.85,0.786,1.0799999
1973-03-01,0.7,-0.88,0.3,0.537,4.91
1973-04-01,0.1,-1.35,-0.54,-1.126,-0.28
1973-05-01,0.4,-1.59,-0.44,0.073,-1.9599999
1973-06-01,1.1,-1.44,0.39,0.531,1.04
1973-07-01,0.6,-1.4,0.57,0.27,0.39999998
1973-08-01,1.3,-1.56,-0.06,0.313,0.78999996
1973-09-01,1.2,-1.05,-0.3,0.114,0.98999995
1973-10-01,0.8,-1.36,-1.24,0.337,2.4099998
1973-11-01,2.6,-1.42,-0.93,0.002,1.3399999
1973-12-01,1.8,-0.89,0.32,-0.181,-0.62
1974-01-01,2.4,-0.86,1.34,0.232,1.5799999
1974-02-01,2.1,-1.38,-0.14,-0.489,0.52
1974-03-01,2.4,-1.21,-0.03,-0.746,1.8199999
1974-04-01,0.9,-0.62,0.51,0.309,1.22
1974-05-01,1.0,-0.72,-0.24,-0.507,-1.18
1974-06-01,0.4,-0.37,-0.14,-0.048,-1.8199999
1974-07-01,1.1,0.02,-0.76,0.39,0.9
1974-08-01,0.8,-0.27,-0.64,-0.533,-0.25
1974-09-01,1.1,0.71,0.82,-0.136,-2.4099998
1974-10-01,0.9,0.19,0.49,-1.024,-0.75
1974-11-01,-0.1,0.61,-0.54,-0.435,0.45999998
1974-12-01,0.2,0.27,1.5,0.556,1.0
1975-01-01,-0.5,-0.65,0.58,1.595,3.21
1975-02-01,0.8,-0.93,-0.62,0.194,0.45
1975-03-01,1.6,-1.07,-0.61,0.151,-1.53
1975-04-01,1.2,-1.79,-1.6,0.409,-2.72
1975-05-01,0.6,-2.08,-0.52,-0.614,2.0
1975-06-01,1.3,-1.61,-0.84,-0.323,0.57
1975-07-01,1.9,-0.84,1.55,0.345,-0.42999998
1975-08-01,2.0,-1.56,-0.26,0.13,1.22
1975-09-01,2.1,-1.6,1.56,1.278,-2.52
1975-10-01,1.7,-1.59,-0.54,0.138,0.78
1975-11-01,1.2,-1.73,0.41,0.619,3.22
1975-12-01,2.1,-1.49,0.0,1.29,1.29
1976-01-01,1.4,-1.08,-0.25,0.034,-1.0799999
1976-02-01,1.7,-1.01,0.93,1.656,4.77
1976-03-01,1.7,-1.31,0.75,0.587,3.74
1976-04-01,0.3,-1.38,0.26,0.44,1.3399999
1976-05-01,0.4,-1.23,0.96,0.06,-1.64
1976-06-01,0.3,-1.26,0.8,0.328,0.39
1976-07-01,-0.9,0.28,-0.32,-0.325,-0.099999994
1976-08-01,-0.8,0.97,1.92,0.559,-1.38
1976-09-01,-1.1,0.58,-1.29,-0.743,-1.43
1976-10-01,0.4,1.12,-0.08,-0.804,-3.31
1976-11-01,0.7,1.33,0.17,-0.087,-4.02
1976-12-01,-0.3,1.2,-1.6,-2.074,-3.9599998
1977-01-01,-0.4,1.24,-1.04,-3.767,-7.6299996
1977-02-01,1.2,1.51,-0.49,-2.01,-0.39999998
1977-03-01,-0.5,0.62,-0.81,0.344,3.84
1977-04-01,-0.4,-0.25,0.65,1.329,3.02
1977-05-01,-0.5,-0.47,-0.86,0.104,4.16
1977-06-01,-0.9,0.03,-0.57,-0.226,-0.89
1977-07-01,-1.1,-0.06,-0.45,-0.492,1.55
1977-08-01,-0.8,-0.09,-0.28,-1.412,-0.65
1977-09-01,-0.8,-0.64,0.37,0.586,0.65999997
1977-10-01,-1.0,-0.84,0.52,-0.009,-1.51
1977-11-01,-1.3,-0.45,-0.07,0.605,0.72999996
1977-12-01,-1.1,-0.06,-1.0,-0.24,-2.2
1978-01-01,-0.3,0.58,0.66,-0.347,-3.9199998
1978-02-01,-2.7,0.78,-2.2,-3.014,-6.8599997
1978-03-01,-0.2,1.13,0.7,0.502,-3.01
1978-04-01,-0.3,1.03,-1.17,-0.967,-0.049999997
1978-05-01,1.4,0.77,1.08,0.059,-0.66999996
1978-06-01,0.7,0.33,1.38,0.635,0.24
1978-07-01,0.6,-1.62,-1.14,-0.604,-0.35999998
1978-08-01,0.4,-0.91,0.64,-0.354,0.04
1978-09-01,0.1,-0.78,0.46,-0.099,2.28
1978-10-01,-0.4,0.07,1.93,0.895,-1.1899999
1978-11-01,-0.0,-0.01,3.04,2.47,1.12
1978-12-01,-0.1,-0.51,-1.57,-0.98,-0.14
1979-01-01,-0.4,-0.38,-1.38,-2.233,-4.91
1979-02-01,1.0,-1.29,-0.67,-0.697,-6.3599997
1979-03-01,0.1,-0.68,0.78,-0.814,0.9
1979-04-01,-0.1,-0.12,-1.71,-1.157,-1.65
1979-05-01,0.5,0.57,-1.03,-0.25,-0.45999998
1979-06-01,0.6,0.22,1.6,0.933,0.099999994
1979-07-01,1.3,0.3,0.83,0.039,-1.01
1979-08-01,-0.2,0.05,0.96,-0.684,-0.45999998
1979-09-01,0.1,0.88,1.01,-0.046,-0.12
1979-10-01,-0.1,1.1,-0.3,-1.243,-0.35999998
1979-11-01,-0.4,0.58,0.53,0.475,0.13
1979-12-01,-0.7,0.06,1.0,1.295,2.3
1980-01-01,0.4,0.06,-0.75,-2.066,1.31
1980-02-01,0.3,0.58,0.05,-0.934,-2.97
1980-03-01,-0.4,0.62,-0.31,-1.433,-1.76
1980-04-01,-0.6,0.78,1.29,-0.419,-1.11
1980-05-01,-0.0,0.64,-1.5,-1.155,0.71999997
1980-06-01,-0.0,-0.72,-0.37,0.721,-1.13
1980-07-01,-0.0,-0.21,-0.42,-0.622,1.52
1980-08-01,0.4,0.08,-2.24,-0.185,1.93
1980-09-01,-0.5,-0.13,0.66,0.313,0.74
1980-10-01,0.0,0.99,-1.77,-0.521,-2.11
1980-11-01,-0.3,0.71,-0.37,-1.361,-0.14999999
1980-12-01,-0.1,0.3,0.78,-0.057,0.19999999
1981-01-01,0.4,1.18,0.37,-0.116,-0.35999998
1981-02-01,-0.2,1.24,0.92,-0.332,1.38
1981-03-01,-1.3,1.22,-1.19,-1.645,0.91999996
1981-04-01,-0.1,1.07,0.36,0.43,2.24
1981-05-01,0.8,1.29,0.2,0.18,-1.81
1981-06-01,1.2,1.82,-0.45,-0.438,0.7
1981-07-01,0.8,0.82,0.05,0.561,-0.14
1981-08-01,0.7,-0.05,0.39,-0.244,-0.35999998
1981-09-01,0.3,0.43,-1.45,-1.04,-0.9
1981-10-01,-0.4,-0.09,-1.35,-1.167,-1.55
1981-11-01,0.2,0.54,-0.38,-0.188,1.1999999
1981-12-01,0.5,0.59,-0.02,-1.216,-1.18
1982-01-01,1.2,0.11,-0.89,-0.883,-4.23
1982-02-01,0.3,-0.19,1.15,0.974,-2.26
1982-03-01,0.6,-0.37,1.15,1.074,-0.35999998
1982-04-01,0.1,-0.7,0.1,1.454,-2.74
1982-05-01,-0.3,-1.21,-0.53,-0.209,3.25
1982-06-01,-1.0,-0.99,-1.63,-1.18,-2.45
1982-07-01,-1.5,0.12,1.15,0.005,0.29999998
1982-08-01,-1.7,-0.08,0.26,0.362,-1.1999999
1982-09-01,-1.7,0.51,1.76,0.558,-0.71999997
1982-10-01,-1.7,0.15,-0.74,-0.211,0.5
1982-11-01,-2.6,-0.6,1.6,0.661,0.95
1982-12-01,-2.2,0.16,1.78,0.967,4.97
1983-01-01,-3.5,0.4,1.59,1.359,2.87
1983-02-01,-3.6,0.97,-0.53,-1.806,3.1799998
1983-03-01,-2.4,1.73,0.95,-0.567,1.68
1983-04-01,-0.9,1.26,-0.85,-0.738,-2.26
1983-05-01,0.6,1.01,-0.07,-0.441,-2.02
1983-06-01,0.0,1.9,0.99,0.313,0.59
1983-07-01,-0.6,2.47,1.19,0.131,2.26
1983-08-01,0.1,1.18,1.61,1.098,2.83
1983-09-01,0.9,0.47,-1.12,0.167,0.44
1983-10-01,0.4,0.68,0.65,1.369,0.41
1983-11-01,-0.1,1.19,-0.98,-0.688,1.8399999
1983-12-01,0.0,1.72,0.29,0.186,-6.1299996
1984-01-01,0.2,1.42,1.66,0.905,-1.9799999
1984-02-01,0.9,1.23,0.72,-0.303,4.4
1984-03-01,-0.2,1.56,-0.37,-2.386,-3.8
1984-04-01,0.3,1.0,-0.28,-0.284,-1.0
1984-05-01,0.2,0.87,0.54,0.479,-1.78
1984-06-01,-0.3,-0.13,-0.42,0.007,1.81
1984-07-01,0.2,-0.35,-0.07,0.019,-1.12
1984-08-01,0.4,0.01,1.15,0.466,1.0
1984-09-01,0.1,0.18,0.17,-0.413,-0.97999996
1984-10-01,-0.3,0.43,-0.07,-0.27,1.9399999
1984-11-01,0.3,0.54,-0.06,-0.966,0.02
1984-12-01,-0.1,0.48,0.0,0.446,3.34
1985-01-01,-0.3,0.87,-1.61,-2.806,-2.49
1985-02-01,1.2,0.48,-0.49,-1.44,-2.1699998
1985-03-01,0.8,-0.34,0.2,0.551,2.84
1985-04-01,1.2,-0.52,0.32,0.652,3.0
1985-05-01,0.4,-0.87,-0.49,-0.432,1.66
1985-06-01,-0.4,0.04,-0.8,-0.347,-1.35
1985-07-01,-0.1,0.52,1.22,-0.39,-0.34
1985-08-01,1.0,0.19,-0.48,-0.001,-1.09
1985-09-01,0.0,0.13,-0.52,0.114,0.61
1985-10-01,-0.4,0.14,0.9,1.035,0.9
1985-11-01,-0.2,-0.65,-0.67,-1.218,1.09
1985-12-01,0.2,0.33,0.22,-1.948,-4.64
1986-01-01,1.0,1.04,1.11,-0.568,1.79
1986-02-01,-1.0,1.47,-1.0,-2.904,-0.26999998
1986-03-01,0.5,1.68,1.71,1.931,2.3799999
1986-04-01,0.3,1.21,-0.59,0.103,2.03
1986-05-01,-0.2,0.85,0.85,0.367,0.84999996
1986-06-01,1.0,0.62,1.22,0.535,0.28
1986-07-01,0.3,1.05,0.12,-0.008,1.27
1986-08-01,-0.4,-0.19,-1.09,-0.826,-1.65
1986-09-01,-0.5,-0.03,-1.12,-0.023,1.52
1986-10-01,0.6,1.0,1.55,1.425,0.44
1986-11-01,-1.2,1.68,2.29,0.926,-1.63
1986-12-01,-1.4,1.71,0.99,0.06,1.28
1987-01-01,-0.7,1.47,-1.15,-1.148,1.52
1987-02-01,-1.2,1.46,-0.73,-1.473,3.3999999
1987-03-01,-1.3,1.35,0.14,-1.746,2.83
1987-04-01,-1.4,1.38,2.0,0.387,0.83
1987-05-01,-1.3,0.82,0.98,0.325,2.97
1987-06-01,-1.1,0.05,-1.82,-0.71,1.76
1987-07-01,-1.4,1.38,0.52,-0.466,1.35
1987-08-01,-0.9,1.74,-0.83,-0.836,0.53999996
1987-09-01,-1.0,1.44,-1.22,0.287,0.35
1987-10-01,-0.4,0.68,0.14,-0.08,-3.4299998
1987-11-01,-0.0,0.93,0.18,-0.536,2.51
1987-12-01,-0.5,0.94,0.32,-0.534,2.5
1988-01-01,-0.1,0.23,1.02,0.265,-0.39999998
1988-02-01,-0.4,0.47,0.76,-1.066,-1.4499999
1988-03-01,0.6,0.49,-0.17,-0.197,1.06
1988-04-01,0.1,0.34,-1.17,-0.561,-0.11
1988-05-01,0.9,0.37,0.63,-0.846,1.49
1988-06-01,0.1,0.21,0.88,0.061,1.37
1988-07-01,1.0,-0.15,-0.35,-0.143,1.76
1988-08-01,1.5,-0.88,0.04,0.255,2.76
1988-09-01,1.8,-0.98,-0.99,1.039,0.42
1988-10-01,1.4,-0.36,-1.08,0.032,-3.57
1988-11-01,1.7,-0.06,-0.34,-0.035,0.97999996
1988-12-01,1.2,-0.14,0.61,1.679,0.24
1989-01-01,1.5,-1.24,1.17,3.106,5.7
1989-02-01,1.2,-1.45,2.0,3.279,-2.51
1989-03-01,1.1,-1.24,1.85,1.53,0.76
1989-04-01,1.6,-0.32,0.28,-0.25,-0.77
1989-05-01,1.2,-0.09,1.38,0.889,-1.41
1989-06-01,0.7,0.11,-0.27,0.345,-0.19
1989-07-01,0.9,0.56,0.97,0.866,0.52
1989-08-01,-0.3,-0.44,0.01,0.551,-0.26999998
1989-09-01,0.5,-0.57,2.05,0.703,-1.4599999
1989-10-01,0.8,-0.51,-0.03,0.991,0.26999998
1989-11-01,-0.2,-0.76,0.16,0.034,-0.53
1989-12-01,-0.5,-0.1,-1.15,-0.644,-6.52
1990-01-01,-0.1,-0.42,1.04,1.001,6.6099997
1990-02-01,-1.8,-1.28,1.41,3.402,3.7099998
1990-03-01,-0.4,-1.24,1.46,2.99,3.1699998
1990-04-01,0.2,-0.15,2.0,1.879,-0.06
1990-05-01,1.2,-0.32,-1.53,0.943,-1.61
1990-06-01,0.3,-0.25,-0.02,0.304,0.13
1990-07-01,0.5,-0.31,0.53,-0.296,-0.59999996
1990-08-01,-0.2,-0.43,0.97,-0.18,-0.41
1990-09-01,-0.7,-0.26,1.06,-0.21,0.62
1990-10-01,0.3,-1.16,0.23,0.66,-0.7
1990-11-01,-0.5,-1.88,-0.24,0.521,3.05
1990-12-01,-0.2,-2.22,0.22,1.277,1.1
1991-01-01,0.6,-1.8,0.86,0.723,0.26999998
1991-02-01,0.3,-1.09,1.04,-0.876,2.9299998
1991-03-01,-0.7,-1.11,-0.2,-0.527,2.55
1991-04-01,-0.6,-1.63,0.29,0.53,2.18
1991-05-01,-1.0,-1.65,0.08,0.486,3.9499998
1991-06-01,-0.1,-2.25,-0.82,-0.115,2.18
1991-07-01,0.0,-1.57,-0.49,-0.188,1.01
1991-08-01,-0.4,-0.58,1.23,0.797,0.91999996
1991-09-01,-1.5,0.37,0.48,-0.112,-0.17
1991-10-01,-1.0,0.41,-0.19,-0.252,0.83
1991-11-01,-0.7,0.56,0.48,0.285,-1.87
1991-12-01,-1.8,-0.21,0.46,1.613,2.01
1992-01-01,-2.9,0.08,-0.13,0.55,3.4299998
1992-02-01,-0.9,0.17,1.07,1.122,4.42
1992-03-01,-2.0,0.12,0.87,0.984,1.51
1992-04-01,-1.0,0.55,1.86,-0.521,-0.88
1992-05-01,0.3,1.26,2.63,1.341,-0.55
1992-06-01,-0.6,1.22,0.2,-0.302,-1.8399999
1992-07-01,-0.6,1.5,0.16,0.191,-1.35
1992-08-01,0.4,0.85,0.85,0.535,-2.4099998
1992-09-01,0.1,0.45,-0.44,-0.64,-1.01
1992-10-01,-1.4,1.28,-1.76,-0.366,-0.93
1992-11-01,-0.7,1.31,1.19,0.717,0.04
1992-12-01,-0.6,0.33,0.47,1.627,0.90999997
1993-01-01,-0.9,-0.28,1.6,3.495,2.6399999
1993-02-01,-0.7,0.02,0.5,0.184,-1.0699999
1993-03-01,-0.5,0.24,0.67,0.764,-1.02
1993-04-01,-1.2,1.0,0.97,-0.435,-1.14
1993-05-01,-0.3,1.79,-0.78,-1.607,0.78999996
1993-06-01,-0.8,2.05,-0.59,-0.52,-0.7
1993-07-01,-0.8,1.48,-3.18,-0.511,0.83
1993-08-01,-0.9,1.96,0.12,-0.393,1.05
1993-09-01,-0.7,1.15,-0.57,-0.361,-2.4199998
1993-10-01,-1.1,1.31,-0.71,-0.565,-1.48
1993-11-01,-0.1,1.13,2.56,1.002,-0.29
1993-12-01,0.2,0.67,1.56,-0.104,0.58
1994-01-01,-0.1,0.85,1.04,-0.288,-2.9299998
1994-02-01,0.3,0.33,0.46,-0.862,-1.52
1994-03-01,-0.7,0.27,1.26,1.881,0.79999995
1994-04-01,-1.3,0.49,1.14,0.225,0.95
1994-05-01,-0.7,0.55,-0.57,-0.115,-1.04
1994-06-01,-0.4,0.1,1.52,1.606,1.31
1994-07-01,-1.3,-0.91,1.31,0.351,-0.32999998
1994-08-01,-1.2,-0.88,0.38,0.828,-1.4599999
1994-09-01,-1.6,-1.51,-1.32,-0.084,-0.01
1994-10-01,-1.1,-1.06,-0.97,0.174,0.83
1994-11-01,-0.6,-1.93,0.64,1.779,2.82
1994-12-01,-1.2,-2.22,2.02,0.894,3.6
1995-01-01,-0.4,-0.86,0.93,-0.154,1.37
1995-02-01,-0.1,0.02,1.14,1.429,0.25
1995-03-01,0.8,0.46,1.25,0.393,2.48
1995-04-01,-0.7,0.49,-0.85,-0.963,-1.1999999
1995-05-01,-0.4,0.89,-1.49,-0.891,-0.90999997
1995-06-01,0.1,1.03,0.13,-0.112,1.03
1995-07-01,0.4,1.0,-0.22,-0.217,1.0699999
1995-08-01,0.3,-0.11,0.69,0.544,3.54
1995-09-01,0.3,1.22,0.31,-0.549,-1.25
1995-10-01,0.0,0.64,0.19,0.075,0.65999997
1995-11-01,0.0,0.05,-1.38,-0.723,-3.09
1995-12-01,-0.5,0.44,-1.67,-2.127,-1.5899999
1996-01-01,1.0,1.01,-0.12,-1.2,0.16
1996-02-01,0.3,1.01,-0.07,0.163,0.65
1996-03-01,1.1,0.85,-0.24,-1.483,-2.37
1996-04-01,0.8,1.37,-0.17,-1.525,-1.61
1996-05-01,0.3,2.13,-1.06,-0.226,-1.09
1996-06-01,1.2,1.1,0.56,0.497,0.26999998
1996-07-01,0.7,0.57,0.67,0.715,-1.35
1996-08-01,0.7,-0.66,1.02,0.125,0.44
1996-09-01,0.6,0.07,-0.86,-1.14,-0.65
1996-10-01,0.6,0.4,-0.33,0.183,0.21
1996-11-01,-0.1,0.38,-0.56,0.136,-3.36
1996-12-01,0.9,-0.03,-1.41,-1.721,0.76
1997-01-01,0.5,0.44,-0.49,-0.457,-1.26
1997-02-01,1.7,0.29,1.7,1.889,2.77
1997-03-01,-0.4,0.39,1.46,1.091,1.89
1997-04-01,-0.6,0.73,-1.02,0.324,-2.1499999
1997-05-01,-1.3,1.59,-0.28,-0.961,-2.9299998
1997-06-01,-1.4,2.55,-1.47,-0.815,-0.24
1997-07-01,-0.8,1.49,0.34,-0.431,-0.08
1997-08-01,-1.4,2.27,0.83,0.121,-1.3299999
1997-09-01,-1.4,1.8,0.61,0.195,-0.19999999
1997-10-01,-1.5,1.78,-1.7,-0.7,-0.06
1997-11-01,-1.2,1.48,-0.9,-0.661,-1.41
1997-12-01,-1.0,0.99,-0.96,-0.071,1.61
1998-01-01,-2.7,1.05,0.39,-2.081,4.9
1998-02-01,-2.0,1.52,-0.11,-0.183,6.45
1998-03-01,-2.4,1.29,0.87,-0.254,1.49
1998-04-01,-1.4,0.03,-0.68,-0.038,0.85999995
1998-05-01,0.3,-0.83,-1.32,0.429,3.1499999
1998-06-01,1.0,-0.78,-2.72,-0.711,0.19999999
1998-07-01,1.2,-1.16,-0.48,-0.212,0.03
1998-08-01,1.2,-0.87,-0.02,0.65,1.12
1998-09-01,1.0,-1.7,-2.0,-1.05,2.3799999
1998-10-01,1.1,-2.23,-0.29,0.294,0.95
1998-11-01,1.0,-0.97,-0.28,-1.449,2.33
1998-12-01,1.4,-1.09,0.87,1.353,3.49
1999-01-01,1.8,-0.78,0.77,0.11,0.32
1999-02-01,1.0,-1.06,0.29,0.482,4.42
1999-03-01,1.3,-1.18,0.23,-1.492,-0.7
1999-04-01,1.4,-1.85,-0.95,0.284,1.36
1999-05-01,0.2,-2.32,0.92,0.226,1.62
1999-06-01,0.3,-2.34,1.12,0.707,0.96999997
1999-07-01,0.5,-1.87,-0.9,-0.002,2.3999999
1999-08-01,0.4,-1.84,0.39,-0.672,-0.69
1999-09-01,-0.1,-2.24,0.36,0.059,-0.049999997
1999-10-01,1.0,-2.54,0.2,-0.006,-0.26999998
1999-11-01,1.0,-2.18,0.65,0.611,3.57
1999-12-01,1.4,-1.92,1.61,1.043,1.3199999
2000-01-01,0.7,-2.2,0.6,1.27,0.98999995
2000-02-01,1.7,-1.28,1.7,1.076,4.18
2000-03-01,1.3,-0.66,0.77,-0.451,4.37
2000-04-01,1.2,-0.63,-0.03,-0.279,-0.16
2000-05-01,0.4,-0.81,1.58,0.969,1.68
2000-06-01,-0.2,-0.64,-0.03,0.586,-0.26
2000-07-01,-0.2,-1.51,-1.03,-0.649,-1.0799999
2000-08-01,0.7,-1.68,-0.29,0.144,0.26999998
2000-09-01,0.9,-1.45,-0.21,0.395,-0.089999996
2000-10-01,1.1,-1.61,0.92,0.317,1.88
2000-11-01,1.8,-1.04,-0.92,-1.581,-0.69
2000-12-01,0.8,0.0,-0.58,-2.354,-6.44
2001-01-01,1.0,0.48,0.25,-0.959,1.25
2001-02-01,1.7,-0.01,0.45,-0.622,1.64
2001-03-01,0.9,-0.41,-1.26,-1.687,-0.72999996
2001-04-01,0.2,-1.18,0.0,0.906,2.83
2001-05-01,-0.5,-1.12,-0.02,0.452,1.51
2001-06-01,0.3,-1.22,-0.2,-0.015,-0.64
2001-07-01,-0.2,-2.21,-0.25,-0.031,0.24
2001-08-01,-0.4,-1.68,-0.07,0.521,1.03
2001-09-01,0.2,-1.98,-0.65,-0.707,-1.05
2001-10-01,-0.0,-1.91,-0.24,0.707,-0.16
2001-11-01,0.7,-1.25,0.63,0.819,4.85
2001-12-01,-0.8,-1.12,-0.83,-1.322,3.6299999
2002-01-01,0.4,-0.42,0.44,1.381,5.54
2002-02-01,1.1,-1.51,1.1,1.304,3.73
2002-03-01,-0.2,-1.27,0.69,0.902,-0.52
2002-04-01,-0.1,-1.23,1.18,0.748,0.91999996
2002-05-01,-0.8,-1.3,-0.22,0.401,-1.9499999
2002-06-01,-0.2,-1.18,0.38,0.573,1.41
2002-07-01,-0.5,-0.71,0.62,0.328,1.92
2002-08-01,-1.0,0.11,0.38,-0.229,1.1999999
2002-09-01,-0.6,-0.21,-0.7,-0.043,1.92
2002-10-01,-0.4,-0.2,-2.28,-1.489,-1.28
2002-11-01,-0.5,1.08,-0.18,-1.425,-0.72999996
2002-12-01,-1.1,1.57,-0.94,-1.592,0.85999995
2003-01-01,-0.2,1.45,0.16,-0.472,-1.43
2003-02-01,-0.7,1.23,0.62,0.128,-1.5799999
2003-03-01,-0.3,1.01,0.32,0.933,1.36
2003-04-01,-0.1,0.36,-0.18,-0.178,0.89
2003-05-01,-0.3,0.21,0.01,1.017,-0.75
2003-06-01,-0.6,-0.42,-0.07,-0.102,-1.62
2003-07-01,0.3,0.37,0.13,0.075,-0.41
2003-08-01,0.1,0.63,-0.07,-0.28,1.1899999
2003-09-01,-0.1,-0.17,0.01,0.467,-0.85999995
2003-10-01,0.0,0.74,-1.26,-0.67,-0.62
2003-11-01,-0.3,-0.23,0.86,0.642,2.25
2003-12-01,1.1,-0.6,0.64,0.265,2.0
2004-01-01,-1.3,-0.55,-0.29,-1.686,-0.45999998
2004-02-01,1.2,-0.21,-0.14,-1.528,0.69
2004-03-01,0.4,-0.15,1.02,0.318,3.31
2004-04-01,-0.9,-0.0,1.15,-0.409,1.35
2004-05-01,1.0,0.61,0.19,-0.094,1.9599999
2004-06-01,-0.8,-0.11,-0.89,-0.236,-0.7
2004-07-01,-0.5,0.04,1.13,-0.201,-0.98999995
2004-08-01,-0.3,0.24,-0.48,-0.72,-2.09
2004-09-01,-0.3,0.02,0.38,0.855,1.22
2004-10-01,-0.1,-0.72,-1.1,-0.515,0.19
2004-11-01,-0.7,-1.22,0.73,0.678,2.28
2004-12-01,-0.8,-0.64,1.21,1.23,0.57
2005-01-01,0.3,-0.15,1.52,0.356,1.93
2005-02-01,-3.1,-0.01,-0.06,-1.271,3.33
2005-03-01,0.3,0.7,-1.83,-1.348,-0.56
2005-04-01,-0.6,0.28,-0.3,-0.046,1.93
2005-05-01,-0.8,1.36,-1.25,-0.763,-1.06
2005-06-01,0.4,0.85,-0.05,-0.383,2.4099998
2005-07-01,0.2,0.11,-0.51,-0.03,0.93
2005-08-01,-0.3,-0.42,0.37,0.026,1.43
2005-09-01,0.4,-0.99,0.63,0.802,2.44
2005-10-01,1.2,-2.0,-0.98,0.03,0.83
2005-11-01,-0.2,-1.89,-0.31,0.228,1.8
2005-12-01,-0.0,-0.1,-0.44,-2.104,-2.4199998
2006-01-01,1.7,0.54,1.27,-0.17,7.8599997
2006-02-01,0.1,0.38,-0.51,-0.156,1.66
2006-03-01,1.8,-0.74,-1.28,-1.604,1.27
2006-04-01,1.1,-0.54,1.24,0.138,2.58
2006-05-01,-0.5,-0.37,-1.14,0.156,-0.17
2006-06-01,-0.2,0.21,0.84,1.071,-0.25
2006-07-01,-0.6,0.39,0.9,0.103,1.22
2006-08-01,-1.0,-0.85,-1.73,-0.265,0.83
2006-09-01,-0.6,-1.54,-1.62,0.606,-1.25
2006-10-01,-1.3,-0.46,-2.24,-1.029,-1.75
2006-11-01,0.1,-0.81,0.44,0.521,1.9399999
2006-12-01,-0.3,-0.42,1.34,2.282,3.6799998
2007-01-01,-0.8,-0.69,0.22,2.034,3.78
2007-02-01,-0.1,-0.71,-0.47,-1.307,-5.0099998
2007-03-01,0.2,-1.1,1.44,1.182,4.2
2007-04-01,-0.1,-0.46,0.17,0.544,-0.88
2007-05-01,-0.1,-0.29,0.66,0.894,2.8799999
2007-06-01,0.5,-0.07,-1.31,-0.555,1.03
2007-07-01,-0.3,0.43,-0.58,-0.397,-0.88
2007-08-01,0.4,0.09,-0.14,-0.034,2.1699998
2007-09-01,0.2,-0.97,0.72,0.179,1.8499999
2007-10-01,0.7,-2.33,0.45,0.383,3.4399998
2007-11-01,0.9,-1.46,0.58,-0.519,0.35999998
2007-12-01,1.7,-0.87,0.34,0.821,0.29999998
2008-01-01,1.8,-1.5,0.89,0.819,1.62
2008-02-01,2.6,-1.46,0.73,0.938,-1.28
2008-03-01,1.4,-1.26,0.08,0.586,-0.38
2008-04-01,0.7,-1.79,-1.07,-0.455,0.75
2008-05-01,-0.1,-1.62,-1.73,-1.205,-1.76
2008-06-01,0.6,-1.85,-1.39,-0.09,0.96999997
2008-07-01,0.3,-1.96,-1.27,-0.48,-0.19
2008-08-01,1.0,-1.85,-1.16,-0.08,-0.35999998
2008-09-01,1.2,-1.87,1.02,-0.327,1.05
2008-10-01,1.3,-1.9,-0.04,1.676,-0.35
2008-11-01,1.3,-1.59,-0.32,0.092,-0.099999994
2008-12-01,1.4,-1.31,-0.28,0.648,-1.61
2009-01-01,1.1,-1.81,-0.01,0.8,-2.72
2009-02-01,1.9,-1.78,0.06,-0.672,1.79
2009-03-01,0.4,-2.06,0.57,0.121,2.56
2009-04-01,0.8,-2.23,-0.2,0.973,-0.06
2009-05-01,-0.1,-1.32,1.68,1.194,0.39999998
2009-06-01,0.1,-0.73,-1.21,-1.351,0.35
2009-07-01,0.2,-0.71,-2.15,-1.356,-2.56
2009-08-01,-0.2,-0.49,-0.19,-0.054,-0.78999996
2009-09-01,0.3,0.33,1.51,0.875,0.04
2009-10-01,-1.2,-0.13,-1.03,-1.54,-2.1499999
2009-11-01,-0.6,-0.94,-0.02,0.459,3.05
2009-12-01,-0.7,-0.51,-1.93,-3.413,-0.24
2010-01-01,-1.1,0.05,-1.11,-2.587,-0.68
2010-02-01,-1.5,0.25,-1.98,-4.266,-1.0799999
2010-03-01,-0.7,-0.16,-0.88,-0.432,2.99
2010-04-01,1.2,-0.04,-0.72,-0.275,3.6399999
2010-05-01,0.9,-0.18,-1.49,-0.919,1.55
2010-06-01,0.4,-0.79,-0.82,-0.013,1.66
2010-07-01,1.8,-1.99,-0.42,0.435,1.61
2010-08-01,1.8,-2.21,-1.22,-0.117,2.08
2010-09-01,2.2,-2.45,-0.79,-0.865,0.75
2010-10-01,1.7,-1.6,-0.93,-0.467,1.16
2010-11-01,1.3,-1.57,-1.62,-0.376,1.0699999
2010-12-01,2.9,-2.04,-1.85,-2.631,-3.33
2011-01-01,2.3,-1.8,-0.88,-1.683,-0.76
2011-02-01,2.7,-1.46,0.7,1.575,0.45999998
2011-03-01,2.5,-1.28,0.61,1.424,1.18
2011-04-01,1.9,-1.02,2.48,2.275,0.35999998
2011-05-01,0.4,-0.66,-0.06,-0.035,0.45999998
2011-06-01,0.2,-1.08,-1.28,-0.858,0.84
2011-07-01,1.0,-2.3,-1.51,-0.472,2.8999999
2011-08-01,0.4,-2.37,-1.35,-1.063,0.72999996
2011-09-01,1.0,-2.5,0.54,0.665,-1.0799999
2011-10-01,0.8,-1.92,0.39,0.8,0.24
2011-11-01,1.1,-2.95,1.36,1.459,2.8899999
2011-12-01,2.5,-2.4,2.52,2.221,3.54
2012-01-01,1.1,-1.85,1.17,-0.22,4.12
2012-02-01,0.5,-1.35,0.42,-0.036,3.7099998
2012-03-01,0.7,-1.66,1.27,1.037,9.24
2012-04-01,-0.3,-1.01,0.47,-0.035,0.97999996
2012-05-01,0.0,-2.12,-0.91,0.168,3.3999999
2012-06-01,-0.4,-1.63,-2.53,-0.672,0.98999995
2012-07-01,-0.0,-2.4,-1.32,0.168,3.6
2012-08-01,-0.2,-2.6,-0.98,0.014,0.14999999
2012-09-01,0.2,-2.99,-0.59,0.772,-0.59999996
2012-10-01,0.3,-1.22,-2.06,-1.514,-1.04
2012-11-01,0.3,-0.66,-0.58,-0.111,-0.11
2012-12-01,-0.6,-1.31,0.17,-1.749,4.14
2013-01-01,-0.1,-1.1,0.35,-0.61,2.77
2013-02-01,-0.2,-1.42,-0.45,-1.007,0.45999998
2013-03-01,1.5,-1.48,-1.61,-3.185,-2.11
2013-04-01,0.2,-0.72,0.69,0.322,-0.65
2013-05-01,0.8,-0.4,0.57,0.494,1.8
2013-06-01,1.2,-1.19,0.52,0.549,0.14999999
2013-07-01,0.8,-1.34,0.67,-0.011,-0.59999996
2013-08-01,0.2,-1.56,0.97,0.154,-0.11
2013-09-01,0.3,-1.0,0.24,-0.461,0.98999995
2013-10-01,-0.1,-1.65,-1.28,0.263,0.17
2013-11-01,0.7,-1.09,0.9,2.029,-1.09
2013-12-01,0.1,-1.04,0.95,1.475,-1.4499999
2014-01-01,1.4,-0.57,0.29,-0.969,-3.49
2014-02-01,0.1,-0.42,1.34,0.044,-4.94
2014-03-01,-0.9,0.3,0.8,1.206,-3.03
2014-04-01,0.8,0.36,0.31,0.972,0.29
2014-05-01,0.5,1.27,-0.92,0.464,0.79999995
2014-06-01,0.2,-0.28,-0.97,-0.507,1.05
2014-07-01,-0.2,0.25,0.18,-0.489,-2.48
2014-08-01,-0.7,0.34,-1.68,-0.372,0.32
2014-09-01,-0.7,0.76,1.62,0.102,-0.68
2014-10-01,-0.6,1.43,-1.27,-1.134,-0.35
2014-11-01,-0.9,1.35,0.68,-0.53,-3.1799998
2014-12-01,-0.6,1.86,1.86,0.413,2.4299998
2015-01-01,-0.8,1.51,1.79,1.092,-0.049999997
2015-02-01,0.2,1.52,1.32,1.043,-5.72
2015-03-01,-0.7,1.33,1.45,1.837,-0.85999995
2015-04-01,-0.0,0.9,0.73,1.216,0.94
2015-05-01,-0.7,0.32,0.15,0.763,2.02
2015-06-01,-0.6,0.82,-0.07,0.427,-0.06
2015-07-01,-1.1,1.41,-3.18,-1.108,-0.77
2015-08-01,-1.4,0.98,-0.76,-0.689,-0.48
2015-09-01,-1.6,0.97,-0.65,-0.165,2.47
2015-10-01,-1.7,0.84,0.44,-0.25,0.9
2015-11-01,-0.5,0.17,1.74,1.945,2.99
2015-12-01,-0.6,0.29,2.24,1.444,6.64
2016-01-01,-2.2,0.75,0.12,-1.449,1.62
2016-02-01,-2.0,1.29,1.58,-0.024,2.86
2016-03-01,-0.1,1.56,0.73,0.28,4.66
2016-04-01,-1.2,1.74,0.38,-1.051,0.22999999
2016-05-01,0.4,1.6,-0.77,-0.036,0.089999996
2016-06-01,0.6,0.87,-0.43,0.313,1.3399999
2016-07-01,0.4,0.57,-1.76,0.085,0.57
2016-08-01,0.7,-0.63,-1.65,0.472,2.07
2016-09-01,1.2,-0.8,0.61,0.781,2.73
2016-10-01,-0.3,-0.43,0.41,-1.917,2.76
2016-11-01,-0.1,0.96,-0.16,-0.611,3.78
2016-12-01,0.3,0.61,0.48,1.786,-0.64
2017-01-01,0.2,-0.06,0.48,0.942,4.58
2017-02-01,-0.1,-0.02,1.0,0.34,6.8799996
2017-03-01,0.9,0.1,0.74,1.365,1.86
2017-04-01,-0.2,0.56,1.73,-0.089,2.87
2017-05-01,0.3,0.45,-1.91,-0.73,-0.52
2017-06-01,-0.4,0.33,0.05,0.402,0.83
2017-07-01,0.8,-0.45,1.26,0.634,0.14999999
2017-08-01,0.5,-0.63,-1.1,0.15,-1.14
2017-09-01,0.6,-0.2,-0.61,-0.492,1.41
2017-10-01,0.9,-0.68,0.19,0.69,2.26
2017-11-01,0.9,-0.6,-0.0,-0.078,0.26999998
2017-12-01,-0.1,-0.03,0.88,-0.059,-0.58
2018-01-01,1.1,0.38,1.44,-0.281,0.26
2018-02-01,-0.5,-0.09,1.58,0.113,2.2
2018-03-01,1.5,-0.72,-0.93,-0.941,-0.089999996
2018-04-01,0.5,-0.82,1.24,0.544,-3.81
2018-05-01,0.4,-0.45,2.12,1.18,4.5
2018-06-01,-0.1,-0.66,1.09,0.38,1.56
2018-07-01,0.2,-0.01,1.39,0.612,0.22999999
2018-08-01,-0.3,-0.24,1.97,0.836,1.3399999
2018-09-01,-0.9,-0.35,1.67,0.585,2.3899999
2018-10-01,0.4,-0.58,0.93,0.413,-0.049999997
2018-11-01,-0.1,-0.7,-0.11,-1.116,-2.6499999
2018-12-01,1.0,-0.21,0.61,0.11,2.62
2019-01-01,-0.0,-0.34,0.59,-0.713,0.42999998
2019-02-01,-1.4,-0.72,0.29,1.149,0.69
2019-03-01,-0.3,-0.4,1.23,2.116,-0.82
2019-04-01,0.1,0.09,0.47,-0.255,0.38
2019-05-01,-0.4,0.26,-2.62,-1.231,0.099999994
2019-06-01,-0.5,-0.07,-1.09,-0.601,-0.21
2019-07-01,-0.4,0.52,-1.43,-0.89,1.76
2019-08-01,-0.1,-0.0,-1.17,-0.722,0.089999996
2019-09-01,-1.2,0.12,-0.16,0.306,2.74
2019-10-01,-0.4,-0.9,-1.41,-0.082,0.16
2019-11-01,-0.8,-0.51,0.28,-1.193,-2.58
2019-12-01,-0.6,-0.0,1.2,0.412,3.1599998
2020-01-01,0.2,-1.41,1.34,2.419,4.89
2020-02-01,-0.1,-1.48,1.26,3.417,1.92
2020-03-01,-0.1,-1.75,1.01,2.641,3.02
2020-04-01,0.2,-1.32,-1.02,0.928,-1.22
2020-05-01,0.4,-0.53,-0.41,-0.027,-0.7
2020-06-01,-0.4,-0.75,-0.15,-0.122,1.35
2020-07-01,0.4,-0.92,-1.23,-0.412,1.6999999
2020-08-01,1.1,-1.33,0.12,-0.381,0.39999998
2020-09-01,0.9,-1.04,0.98,0.631,-0.11
2020-10-01,0.5,-0.62,-0.65,-0.072,-1.0799999
2020-11-01,0.7,-1.58,2.54,2.086,3.26
2020-12-01,1.8,-0.99,-0.3,-1.736,1.9399999
2021-01-01,1.9,-0.61,-1.11,-2.484,3.1899998
2021-02-01,1.5,-1.09,0.14,-1.191,-3.62
2021-03-01,0.4,-1.67,0.73,2.109,4.02
2021-04-01,0.3,-1.84,-1.43,-0.204,0.77
2021-05-01,0.5,-2.04,-1.24,-0.161,-0.55
2021-06-01,0.4,-1.82,0.77,0.845,1.76
2021-07-01,1.4,-2.0,0.03,0.63,0.02
2021-08-01,0.6,-0.95,-0.28,-0.209,1.87
2021-09-01,0.8,-1.96,-0.21,-0.252,2.09
2021-10-01,0.7,-3.13,-2.29,-0.146,3.4099998
2021-11-01,1.0,-2.75,-0.18,0.093,-0.17
2021-12-01,1.5,-2.71,0.29,0.198,5.12
2022-01-01,0.5,-2.4,1.08,0.848,-1.03
2022-02-01,1.1,-1.91,1.68,1.544,0.01
2022-03-01,1.8,-1.67,0.77,0.305,2.47
2022-04-01,1.7,-2.09,-0.36,-0.603,-1.3
2022-05-01,1.4,-2.24,0.71,1.224,1.99
2022-06-01,1.7,-1.32,-0.12,-0.074,1.1
2022-07-01,0.8,-2.64,-0.09,0.025,0.48
2022-08-01,1.0,-2.38,1.47,-0.17,0.51
2022-09-01,1.6,-2.29,-1.61,-0.655,0.58
2022-10-01,1.7,-1.81,-0.72,1.346,-0.48999998
2022-11-01,0.3,-2.41,0.69,0.339,1.37
2022-12-01,2.1,-2.21,-0.15,-2.719,0.51
2023-01-01,1.4,-1.24,1.25,-0.674,5.99
2023-02-01,1.4,-1.65,0.92,1.6,4.45
2023-03-01,0.2,-2.45,-1.11,0.28,1.17
2023-04-01,0.2,-3.07,-0.63,-0.973,1.01
2023-05-01,-1.0,-2.42,0.39,1.134,0.71
2023-06-01,0.3,-2.53,-0.58,-0.286,-0.22
2023-07-01,-0.3,-2.52,-2.17,-0.154,0.12
2023-08-01,-0.8,-2.47,-1.16,-0.602,0.02
2023-09-01,-1.3,-2.99,-0.44,0.318,1.12
2023-10-01,-0.5,-2.23,-2.03,-0.414,1.22
2023-11-01,-0.8,-1.79,-0.32,-0.036,0.88
2023-12-01,-0.2,-1.66,1.94,-0.221,5.72
2024-01-01,0.5,-1.57,0.21,-0.21,1.9
2024-02-01,-1.4,-1.33,1.09,0.635,6.3599997
2024-03-01,0.4,-1.52,-0.21,-0.61,4.3399997
2024-04-01,-0.2,-2.11,-0.78,0.465,1.8299999
2024-05-01,0.5,-2.98,-0.44,-0.048,2.87
2024-06-01,0.0,-3.15,-0.09,0.136,1.76
2024-07-01,-0.7,-3.0,1.46,0.587,-0.39
2024-08-01,0.9,-2.91,0.63,1.284,0.59999996
2024-09-01,-0.1,-3.56,-1.43,-0.624,1.8499999
2024-10-01,0.5,-3.8,-0.38,0.525,2.25
2024-11-01,0.5,-3.13,-0.23,-0.037,3.31
2024-12-01,1.2,-2.03,1.21,-0.335,2.21
2025-01-01,0.2,-1.28,-0.52,-0.069,-0.59999996
2025-02-01,0.5,-1.4,1.6,-0.864,0.58
2025-03-01,1.7,-1.12,0.3,0.556,4.5499997
2025-04-01,0.5,-1.15,0.18,0.268,0.90999997
2025-05-01,0.4,-1.66,0.49,0.904,-0.29999998
2025-06-01,0.3,-2.62,0.7,1.134,1.9
2025-07-01,0.6,-4.16,0.48,0.5,1.9699999
2025-08-01,0.4,-3.2,0.26,0.036,-0.06
2025-09-01,0.0,-2.33,-0.8,0.048,1.48
2025-10-01,,-2.4,-0.96,0.064,2.22
