date,ENSO,PDO,NAO,AO,count,month_1,month_2,month_3,month_4,month_5,month_6,month_7,month_8,month_9,month_10,month_11,month_12
1951-06-01,0.2,-1.77,-1.64,-0.918,2,0,0,0,0,0,1,0,0,0,0,0,0
1951-11-01,-0.8,-0.31,-0.39,-0.069,2,0,0,0,0,0,0,0,0,0,0,1,0
1951-12-01,-0.7,-1.45,1.32,1.987,1,0,0,0,0,0,0,0,0,0,0,0,1
1952-03-01,0.5,-1.67,-1.49,-1.859,2,0,0,1,0,0,0,0,0,0,0,0,0
1952-05-01,0.8,-2.07,-1.12,-0.774,1,0,0,0,0,1,0,0,0,0,0,0,0
1952-07-01,0.5,-2.05,-0.09,0.383,1,0,0,0,0,0,0,1,0,0,0,0,0
1953-03-01,-0.2,-1.27,-0.04,1.068,1,0,0,1,0,0,0,0,0,0,0,0,0
1953-04-01,0.2,-0.9,-1.67,-1.256,2,0,0,0,1,0,0,0,0,0,0,0,0
1953-07-01,-0.0,0.06,0.4,0.333,1,0,0,0,0,0,0,1,0,0,0,0,0
1954-03-01,0.3,-1.15,-0.83,0.476,1,0,0,1,0,0,0,0,0,0,0,0,0
1954-04-01,0.6,-1.25,1.34,0.512,1,0,0,0,1,0,0,0,0,0,0,0,0
1954-05-01,0.5,-0.76,-0.09,-1.656,3,0,0,0,0,1,0,0,0,0,0,0,0
1954-07-01,0.4,-0.08,-0.6,0.341,1,0,0,0,0,0,0,1,0,0,0,0,0
1954-10-01,0.3,0.02,0.6,0.513,1,0,0,0,0,0,0,0,0,0,1,0,0
1955-03-01,0.6,-1.24,-0.53,-1.568,1,0,0,1,0,0,0,0,0,0,0,0,0
1955-04-01,-0.1,-2.21,-0.42,0.194,4,0,0,0,1,0,0,0,0,0,0,0,0
1955-05-01,1.0,-1.89,-0.34,0.242,4,0,0,0,0,1,0,0,0,0,0,0,0
1955-08-01,1.5,-2.66,1.07,0.76,4,0,0,0,0,0,0,0,1,0,0,0,0
1955-10-01,1.5,-3.35,-1.47,0.099,4,0,0,0,0,0,0,0,0,0,1,0,0
1955-11-01,1.2,-2.63,-1.29,-1.342,6,0,0,0,0,0,0,0,0,0,0,1,0
1955-12-01,1.0,-2.2,0.17,-0.444,2,0,0,0,0,0,0,0,0,0,0,0,1
1956-02-01,1.6,-2.28,-1.12,-2.029,1,0,1,0,0,0,0,0,0,0,0,0,0
1956-03-01,1.3,-2.93,-0.05,0.47,2,0,0,1,0,0,0,0,0,0,0,0,0
1956-04-01,0.9,-2.55,-1.06,-0.868,12,0,0,0,1,0,0,0,0,0,0,0,0
1956-05-01,1.4,-1.62,2.21,1.391,2,0,0,0,0,1,0,0,0,0,0,0,0
1956-06-01,1.1,-1.98,0.1,0.28,2,0,0,0,0,0,1,0,0,0,0,0,0
1956-08-01,1.2,-1.0,-1.37,-0.652,7,0,0,0,0,0,0,0,1,0,0,0,0
1956-09-01,0.1,-0.28,0.24,-0.202,1,0,0,0,0,0,0,0,0,1,0,0,0
1957-03-01,0.2,-0.83,-1.26,-2.013,5,0,0,1,0,0,0,0,0,0,0,0,0
1957-04-01,0.2,-0.81,0.49,0.238,4,0,0,0,1,0,0,0,0,0,0,0,0
1957-05-01,-0.7,-0.02,-0.79,-0.966,6,0,0,0,0,1,0,0,0,0,0,0,0
1957-06-01,0.2,1.53,-0.72,-0.76,6,0,0,0,0,0,1,0,0,0,0,0,0
1957-12-01,-0.3,0.46,0.12,0.828,21,0,0,0,0,0,0,0,0,0,0,0,1
1958-04-01,0.4,0.56,0.37,-0.36,4,0,0,0,1,0,0,0,0,0,0,0,0
1958-05-01,-0.5,1.46,-0.24,-0.336,7,0,0,0,0,1,0,0,0,0,0,0,0
1958-06-01,0.3,1.82,-1.38,-1.149,7,0,0,0,0,0,1,0,0,0,0,0,0
1958-07-01,0.4,0.61,-1.73,-0.684,3,0,0,0,0,0,0,1,0,0,0,0,0
1958-08-01,0.9,1.06,-1.56,-0.755,5,0,0,0,0,0,0,0,1,0,0,0,0
1958-10-01,0.1,0.28,0.16,0.77,1,0,0,0,0,0,0,0,0,0,1,0,0
1959-02-01,-1.4,0.35,0.68,2.544,2,0,1,0,0,0,0,0,0,0,0,0,0
1959-03-01,1.3,-0.14,-0.15,1.432,5,0,0,1,0,0,0,0,0,0,0,0,0
1959-04-01,0.4,-0.16,0.36,0.119,1,0,0,0,1,0,0,0,0,0,0,0,0
1959-05-01,0.5,-0.13,0.39,-0.341,5,0,0,0,0,1,0,0,0,0,0,0,0
1959-06-01,-0.1,0.23,0.4,-0.033,1,0,0,0,0,0,1,0,0,0,0,0,0
1959-07-01,-0.3,-0.42,0.74,0.105,3,0,0,0,0,0,0,1,0,0,0,0,0
1959-08-01,-0.1,-0.31,0.06,-0.745,3,0,0,0,0,0,0,0,1,0,0,0,0
1959-09-01,0.0,-0.53,0.88,-0.281,14,0,0,0,0,0,0,0,0,1,0,0,0
1959-10-01,0.5,0.96,0.89,-0.249,2,0,0,0,0,0,0,0,0,0,1,0,0
1960-02-01,0.1,0.61,-1.89,-2.212,3,0,1,0,0,0,0,0,0,0,0,0,0
1960-03-01,1.0,0.23,-0.5,-1.625,2,0,0,1,0,0,0,0,0,0,0,0,0
1960-04-01,0.8,0.21,1.36,-0.297,7,0,0,0,1,0,0,0,0,0,0,0,0
1960-05-01,0.5,0.35,0.45,-0.857,11,0,0,0,0,1,0,0,0,0,0,0,0
1960-06-01,0.1,1.2,-0.21,0.055,15,0,0,0,0,0,1,0,0,0,0,0,0
1960-07-01,0.5,-0.42,0.35,-0.619,1,0,0,0,0,0,0,1,0,0,0,0,0
1960-08-01,0.8,-0.31,-1.4,-1.008,1,0,0,0,0,0,0,0,1,0,0,0,0
1961-03-01,-1.8,0.64,0.55,0.341,8,0,0,1,0,0,0,0,0,0,0,0,0
1961-04-01,0.8,0.28,-1.55,-0.237,2,0,0,0,1,0,0,0,0,0,0,0,0
1961-05-01,0.3,-0.54,-0.36,0.157,3,0,0,0,0,1,0,0,0,0,0,0,0
1961-06-01,0.1,-0.7,0.86,0.837,3,0,0,0,0,0,1,0,0,0,0,0,0
1961-07-01,0.2,-1.23,-0.39,-0.108,6,0,0,0,0,0,0,1,0,0,0,0,0
1961-08-01,0.2,-0.87,0.9,0.013,2,0,0,0,0,0,0,0,1,0,0,0,0
1961-09-01,0.1,-1.34,1.24,0.815,9,0,0,0,0,0,0,0,0,1,0,0,0
1962-03-01,0.1,-1.06,-2.47,-2.848,1,0,0,1,0,0,0,0,0,0,0,0,0
1962-04-01,0.2,-0.95,0.99,1.169,1,0,0,0,1,0,0,0,0,0,0,0,0
1962-05-01,1.1,-1.3,-0.1,0.068,8,0,0,0,0,1,0,0,0,0,0,0,0
1962-06-01,0.7,-1.71,0.16,0.287,2,0,0,0,0,0,1,0,0,0,0,0,0
1962-07-01,0.1,-1.83,-2.47,-0.927,1,0,0,0,0,0,0,1,0,0,0,0,0
1963-03-01,1.1,-0.28,-0.43,0.724,1,0,0,1,0,0,0,0,0,0,0,0,0
1963-04-01,0.8,-0.27,-1.35,-0.348,7,0,0,0,1,0,0,0,0,0,0,0,0
1963-06-01,-0.5,-0.6,-0.43,-0.585,2,0,0,0,0,0,1,0,0,0,0,0,0
1963-09-01,-0.6,1.08,1.79,0.083,1,0,0,0,0,0,0,0,0,1,0,0,0
1964-03-01,1.1,-0.71,-1.2,-0.558,3,0,0,1,0,0,0,0,0,0,0,0,0
1964-04-01,1.1,-1.27,0.36,0.663,4,0,0,0,1,0,0,0,0,0,0,0,0
1965-02-01,0.4,-0.61,-1.55,-2.084,1,0,1,0,0,0,0,0,0,0,0,0,0
1965-04-01,-0.5,-0.01,0.72,0.568,9,0,0,0,1,0,0,0,0,0,0,0,0
1965-05-01,0.2,-0.66,-0.62,-0.153,3,0,0,0,0,1,0,0,0,0,0,0,0
1965-06-01,-0.6,-0.76,0.29,0.038,1,0,0,0,0,0,1,0,0,0,0,0,0
1965-08-01,-0.7,0.32,0.45,-0.255,2,0,0,0,0,0,0,0,1,0,0,0,0
1965-09-01,-1.3,0.83,0.37,-0.698,4,0,0,0,0,0,0,0,0,1,0,0,0
1965-11-01,-1.5,0.47,-1.66,-1.341,8,0,0,0,0,0,0,0,0,0,0,1,0
1966-03-01,-0.9,-1.0,0.56,-0.911,1,0,0,1,0,0,0,0,0,0,0,0,0
1966-04-01,-0.2,-0.37,-0.75,-1.837,3,0,0,0,1,0,0,0,0,0,0,0,0
1966-05-01,-0.4,-0.76,0.22,1.124,1,0,0,0,0,1,0,0,0,0,0,0,0
1966-06-01,0.3,0.1,1.05,0.408,3,0,0,0,0,0,1,0,0,0,0,0,0
1966-07-01,0.1,0.01,0.32,0.011,1,0,0,0,0,0,0,1,0,0,0,0,0
1966-08-01,0.6,-0.29,-1.76,-0.945,1,0,0,0,0,0,0,0,1,0,0,0,0
1966-10-01,-0.1,-0.6,-0.68,-1.077,1,0,0,0,0,0,0,0,0,0,1,0,0
1967-01-01,1.7,-0.24,-0.89,-0.576,8,1,0,0,0,0,0,0,0,0,0,0,0
1967-03-01,1.2,-0.8,1.51,1.967,1,0,0,1,0,0,0,0,0,0,0,0,0
1967-04-01,-0.0,-1.13,0.18,1.7,18,0,0,0,1,0,0,0,0,0,0,0,0
1967-05-01,-0.0,-1.54,-0.99,0.127,3,0,0,0,0,1,0,0,0,0,0,0,0
1967-06-01,0.6,-1.2,1.4,0.647,5,0,0,0,0,0,1,0,0,0,0,0,0
1967-07-01,0.2,-1.21,0.41,0.259,1,0,0,0,0,0,0,1,0,0,0,0,0
1967-08-01,0.7,-1.55,1.44,-0.293,1,0,0,0,0,0,0,0,1,0,0,0,0
1967-10-01,0.1,-0.06,0.07,1.299,1,0,0,0,0,0,0,0,0,0,1,0,0
1967-12-01,-0.6,-0.68,-0.45,-0.347,2,0,0,0,0,0,0,0,0,0,0,0,1
1968-04-01,0.0,-0.69,-1.08,0.328,3,0,0,0,1,0,0,0,0,0,0,0,0
1968-05-01,1.2,-0.79,-1.76,-0.241,4,0,0,0,0,1,0,0,0,0,0,0,0
1968-07-01,0.7,0.44,-0.8,-0.836,1,0,0,0,0,0,0,1,0,0,0,0,0
1969-05-01,-0.2,-1.06,0.55,-0.72,1,0,0,0,0,1,0,0,0,0,0,0,0
1969-06-01,0.2,0.84,0.55,-0.348,2,0,0,0,0,0,1,0,0,0,0,0,0
1969-07-01,-0.5,-0.37,0.57,0.41,2,0,0,0,0,0,0,1,0,0,0,0,0
1969-08-01,-0.1,-0.92,-1.45,-0.782,1,0,0,0,0,0,0,0,1,0,0,0,0
1969-09-01,-1.0,-1.07,2.07,-0.083,2,0,0,0,0,0,0,0,0,1,0,0,0
1969-10-01,-0.9,0.95,0.66,0.098,2,0,0,0,0,0,0,0,0,0,1,0,0
1970-03-01,0.6,1.2,-0.96,-2.084,1,0,0,1,0,0,0,0,0,0,0,0,0
1970-04-01,-0.1,0.31,-1.3,0.302,3,0,0,0,1,0,0,0,0,0,0,0,0
1970-05-01,0.4,-0.89,1.14,0.531,2,0,0,0,0,1,0,0,0,0,0,0,0
1970-06-01,1.0,-0.12,1.55,0.875,6,0,0,0,0,0,1,0,0,0,0,0,0
1970-07-01,-0.4,-0.92,0.1,0.139,2,0,0,0,0,0,0,1,0,0,0,0,0
1970-09-01,1.2,-1.68,-0.09,0.03,2,0,0,0,0,0,0,0,0,1,0,0,0
1971-02-01,2.0,-1.45,0.24,-0.922,2,0,1,0,0,0,0,0,0,0,0,0,0
1971-04-01,1.7,-1.7,-0.24,-0.583,1,0,0,0,1,0,0,0,0,0,0,0,0
1971-05-01,0.9,-1.75,0.5,0.679,3,0,0,0,0,1,0,0,0,0,0,0,0
1971-06-01,0.4,-1.86,-1.57,-0.668,2,0,0,0,0,0,1,0,0,0,0,0,0
1971-07-01,0.2,-2.25,0.24,-0.578,1,0,0,0,0,0,0,1,0,0,0,0,0
1971-08-01,1.5,-0.32,1.55,0.818,2,0,0,0,0,0,0,0,1,0,0,0,0
1971-11-01,0.5,-1.28,-0.2,0.419,2,0,0,0,0,0,0,0,0,0,0,1,0
1971-12-01,0.3,-1.77,0.6,0.824,2,0,0,0,0,0,0,0,0,0,0,0,1
1972-04-01,-0.1,-1.7,-0.22,1.007,14,0,0,0,1,0,0,0,0,0,0,0,0
1972-05-01,-1.6,-2.16,0.95,0.14,2,0,0,0,0,1,0,0,0,0,0,0,0
1972-06-01,-0.5,-1.84,0.88,-0.049,4,0,0,0,0,0,1,0,0,0,0,0,0
1972-07-01,-1.4,-1.48,0.18,-0.553,7,0,0,0,0,0,0,1,0,0,0,0,0
1972-08-01,-0.5,-0.11,1.32,-0.082,2,0,0,0,0,0,0,0,1,0,0,0,0
1972-09-01,-1.4,-0.2,-0.12,-0.92,1,0,0,0,0,0,0,0,0,1,0,0,0
1973-01-01,-0.3,-0.15,0.04,1.232,1,1,0,0,0,0,0,0,0,0,0,0,0
1973-03-01,0.7,-0.88,0.3,0.537,4,0,0,1,0,0,0,0,0,0,0,0,0
1973-04-01,0.1,-1.35,-0.54,-1.126,6,0,0,0,1,0,0,0,0,0,0,0,0
1973-05-01,0.4,-1.59,-0.44,0.073,6,0,0,0,0,1,0,0,0,0,0,0,0
1973-06-01,1.1,-1.44,0.39,0.531,26,0,0,0,0,0,1,0,0,0,0,0,0
1973-07-01,0.6,-1.4,0.57,0.27,6,0,0,0,0,0,0,1,0,0,0,0,0
1973-08-01,1.3,-1.56,-0.06,0.313,5,0,0,0,0,0,0,0,1,0,0,0,0
1973-09-01,1.2,-1.05,-0.3,0.114,3,0,0,0,0,0,0,0,0,1,0,0,0
1973-10-01,0.8,-1.36,-1.24,0.337,1,0,0,0,0,0,0,0,0,0,1,0,0
1973-12-01,1.8,-0.89,0.32,-0.181,5,0,0,0,0,0,0,0,0,0,0,0,1
1974-03-01,2.4,-1.21,-0.03,-0.746,3,0,0,1,0,0,0,0,0,0,0,0,0
1974-04-01,0.9,-0.62,0.51,0.309,21,0,0,0,1,0,0,0,0,0,0,0,0
1974-05-01,1.0,-0.72,-0.24,-0.507,6,0,0,0,0,1,0,0,0,0,0,0,0
1974-06-01,0.4,-0.37,-0.14,-0.048,43,0,0,0,0,0,1,0,0,0,0,0,0
1974-07-01,1.1,0.02,-0.76,0.39,2,0,0,0,0,0,0,1,0,0,0,0,0
1974-08-01,0.8,-0.27,-0.64,-0.533,30,0,0,0,0,0,0,0,1,0,0,0,0
1974-09-01,1.1,0.71,0.82,-0.136,2,0,0,0,0,0,0,0,0,1,0,0,0
1975-01-01,-0.5,-0.65,0.58,1.595,2,1,0,0,0,0,0,0,0,0,0,0,0
1975-03-01,1.6,-1.07,-0.61,0.151,2,0,0,1,0,0,0,0,0,0,0,0,0
1975-04-01,1.2,-1.79,-1.6,0.409,8,0,0,0,1,0,0,0,0,0,0,0,0
1975-05-01,0.6,-2.08,-0.52,-0.614,7,0,0,0,0,1,0,0,0,0,0,0,0
1975-06-01,1.3,-1.61,-0.84,-0.323,13,0,0,0,0,0,1,0,0,0,0,0,0
1975-07-01,1.9,-0.84,1.55,0.345,6,0,0,0,0,0,0,1,0,0,0,0,0
1975-08-01,2.0,-1.56,-0.26,0.13,1,0,0,0,0,0,0,0,1,0,0,0,0
1975-11-01,1.2,-1.73,0.41,0.619,7,0,0,0,0,0,0,0,0,0,0,1,0
1976-02-01,1.7,-1.01,0.93,1.656,2,0,1,0,0,0,0,0,0,0,0,0,0
1976-03-01,1.7,-1.31,0.75,0.587,12,0,0,1,0,0,0,0,0,0,0,0,0
1976-04-01,0.3,-1.38,0.26,0.44,3,0,0,0,1,0,0,0,0,0,0,0,0
1976-05-01,0.4,-1.23,0.96,0.06,2,0,0,0,0,1,0,0,0,0,0,0,0
1976-06-01,0.3,-1.26,0.8,0.328,4,0,0,0,0,0,1,0,0,0,0,0,0
1976-07-01,-0.9,0.28,-0.32,-0.325,3,0,0,0,0,0,0,1,0,0,0,0,0
1976-08-01,-0.8,0.97,1.92,0.559,1,0,0,0,0,0,0,0,1,0,0,0,0
1977-05-01,-0.5,-0.47,-0.86,0.104,1,0,0,0,0,1,0,0,0,0,0,0,0
1977-06-01,-0.9,0.03,-0.57,-0.226,8,0,0,0,0,0,1,0,0,0,0,0,0
1977-07-01,-1.1,-0.06,-0.45,-0.492,1,0,0,0,0,0,0,1,0,0,0,0,0
1977-08-01,-0.8,-0.09,-0.28,-1.412,20,0,0,0,0,0,0,0,1,0,0,0,0
1977-09-01,-0.8,-0.64,0.37,0.586,2,0,0,0,0,0,0,0,0,1,0,0,0
1978-04-01,-0.3,1.03,-1.17,-0.967,2,0,0,0,1,0,0,0,0,0,0,0,0
1978-05-01,1.4,0.77,1.08,0.059,2,0,0,0,0,1,0,0,0,0,0,0,0
1978-06-01,0.7,0.33,1.38,0.635,5,0,0,0,0,0,1,0,0,0,0,0,0
1978-07-01,0.6,-1.62,-1.14,-0.604,1,0,0,0,0,0,0,1,0,0,0,0,0
1978-08-01,0.4,-0.91,0.64,-0.354,3,0,0,0,0,0,0,0,1,0,0,0,0
1979-03-01,0.1,-0.68,0.78,-0.814,1,0,0,1,0,0,0,0,0,0,0,0,0
1979-06-01,0.6,0.22,1.6,0.933,3,0,0,0,0,0,1,0,0,0,0,0,0
1979-07-01,1.3,0.3,0.83,0.039,1,0,0,0,0,0,0,1,0,0,0,0,0
1979-08-01,-0.2,0.05,0.96,-0.684,6,0,0,0,0,0,0,0,1,0,0,0,0
1979-10-01,-0.1,1.1,-0.3,-1.243,1,0,0,0,0,0,0,0,0,0,1,0,0
1980-04-01,-0.6,0.78,1.29,-0.419,2,0,0,0,1,0,0,0,0,0,0,0,0
1980-05-01,-0.0,0.64,-1.5,-1.155,3,0,0,0,0,1,0,0,0,0,0,0,0
1980-06-01,-0.0,-0.72,-0.37,0.721,3,0,0,0,0,0,1,0,0,0,0,0,0
1980-07-01,-0.0,-0.21,-0.42,-0.622,2,0,0,0,0,0,0,1,0,0,0,0,0
1980-09-01,-0.5,-0.13,0.66,0.313,4,0,0,0,0,0,0,0,0,1,0,0,0
1981-03-01,-1.3,1.22,-1.19,-1.645,1,0,0,1,0,0,0,0,0,0,0,0,0
1981-04-01,-0.1,1.07,0.36,0.43,9,0,0,0,1,0,0,0,0,0,0,0,0
1981-05-01,0.8,1.29,0.2,0.18,1,0,0,0,0,1,0,0,0,0,0,0,0
1981-06-01,1.2,1.82,-0.45,-0.438,18,0,0,0,0,0,1,0,0,0,0,0,0
1981-07-01,0.8,0.82,0.05,0.561,3,0,0,0,0,0,0,1,0,0,0,0,0
1981-08-01,0.7,-0.05,0.39,-0.244,1,0,0,0,0,0,0,0,1,0,0,0,0
1982-03-01,0.6,-0.37,1.15,1.074,3,0,0,1,0,0,0,0,0,0,0,0,0
1982-04-01,0.1,-0.7,0.1,1.454,6,0,0,0,1,0,0,0,0,0,0,0,0
1982-05-01,-0.3,-1.21,-0.53,-0.209,15,0,0,0,0,1,0,0,0,0,0,0,0
1982-07-01,-1.5,0.12,1.15,0.005,3,0,0,0,0,0,0,1,0,0,0,0,0
1982-08-01,-1.7,-0.08,0.26,0.362,6,0,0,0,0,0,0,0,1,0,0,0,0
1982-12-01,-2.2,0.16,1.78,0.967,2,0,0,0,0,0,0,0,0,0,0,0,1
1983-03-01,-2.4,1.73,0.95,-0.567,1,0,0,1,0,0,0,0,0,0,0,0,0
1983-05-01,0.6,1.01,-0.07,-0.441,11,0,0,0,0,1,0,0,0,0,0,0,0
1983-06-01,0.0,1.9,0.99,0.313,1,0,0,0,0,0,1,0,0,0,0,0,0
1984-03-01,-0.2,1.56,-0.37,-2.386,2,0,0,1,0,0,0,0,0,0,0,0,0
1984-04-01,0.3,1.0,-0.28,-0.284,19,0,0,0,1,0,0,0,0,0,0,0,0
1984-05-01,0.2,0.87,0.54,0.479,2,0,0,0,0,1,0,0,0,0,0,0,0
1984-06-01,-0.3,-0.13,-0.42,0.007,4,0,0,0,0,0,1,0,0,0,0,0,0
1984-08-01,0.4,0.01,1.15,0.466,1,0,0,0,0,0,0,0,1,0,0,0,0
1984-11-01,0.3,0.54,-0.06,-0.966,6,0,0,0,0,0,0,0,0,0,0,1,0
1985-03-01,0.8,-0.34,0.2,0.551,2,0,0,1,0,0,0,0,0,0,0,0,0
1985-04-01,1.2,-0.52,0.32,0.652,2,0,0,0,1,0,0,0,0,0,0,0,0
1985-05-01,0.4,-0.87,-0.49,-0.432,1,0,0,0,0,1,0,0,0,0,0,0,0
1985-06-01,-0.4,0.04,-0.8,-0.347,2,0,0,0,0,0,1,0,0,0,0,0,0
1985-07-01,-0.1,0.52,1.22,-0.39,3,0,0,0,0,0,0,1,0,0,0,0,0
1985-09-01,0.0,0.13,-0.52,0.114,1,0,0,0,0,0,0,0,0,1,0,0,0
1985-11-01,-0.2,-0.65,-0.67,-1.218,4,0,0,0,0,0,0,0,0,0,0,1,0
1986-04-01,0.3,1.21,-0.59,0.103,1,0,0,0,1,0,0,0,0,0,0,0,0
1986-05-01,-0.2,0.85,0.85,0.367,11,0,0,0,0,1,0,0,0,0,0,0,0
1986-06-01,1.0,0.62,1.22,0.535,3,0,0,0,0,0,1,0,0,0,0,0,0
1986-07-01,0.3,1.05,0.12,-0.008,1,0,0,0,0,0,0,1,0,0,0,0,0
1986-09-01,-0.5,-0.03,-1.12,-0.023,6,0,0,0,0,0,0,0,0,1,0,0,0
1987-04-01,-1.4,1.38,2.0,0.387,5,0,0,0,1,0,0,0,0,0,0,0,0
1987-05-01,-1.3,0.82,0.98,0.325,1,0,0,0,0,1,0,0,0,0,0,0,0
1987-06-01,-1.1,0.05,-1.82,-0.71,10,0,0,0,0,0,1,0,0,0,0,0,0
1987-07-01,-1.4,1.38,0.52,-0.466,4,0,0,0,0,0,0,1,0,0,0,0,0
1987-08-01,-0.9,1.74,-0.83,-0.836,2,0,0,0,0,0,0,0,1,0,0,0,0
1988-04-01,0.1,0.34,-1.17,-0.561,4,0,0,0,1,0,0,0,0,0,0,0,0
1988-05-01,0.9,0.37,0.63,-0.846,10,0,0,0,0,1,0,0,0,0,0,0,0
1988-09-01,1.8,-0.98,-0.99,1.039,1,0,0,0,0,0,0,0,0,1,0,0,0
1988-11-01,1.7,-0.06,-0.34,-0.035,5,0,0,0,0,0,0,0,0,0,0,1,0
1989-01-01,1.5,-1.24,1.17,3.106,4,1,0,0,0,0,0,0,0,0,0,0,0
1989-04-01,1.6,-0.32,0.28,-0.25,4,0,0,0,1,0,0,0,0,0,0,0,0
1989-05-01,1.2,-0.09,1.38,0.889,4,0,0,0,0,1,0,0,0,0,0,0,0
1989-06-01,0.7,0.11,-0.27,0.345,1,0,0,0,0,0,1,0,0,0,0,0,0
1989-07-01,0.9,0.56,0.97,0.866,1,0,0,0,0,0,0,1,0,0,0,0,0
1989-10-01,0.8,-0.51,-0.03,0.991,1,0,0,0,0,0,0,0,0,0,1,0,0
1990-03-01,-0.4,-1.24,1.46,2.99,1,0,0,1,0,0,0,0,0,0,0,0,0
1990-05-01,1.2,-0.32,-1.53,0.943,9,0,0,0,0,1,0,0,0,0,0,0,0
1990-06-01,0.3,-0.25,-0.02,0.304,26,0,0,0,0,0,1,0,0,0,0,0,0
1990-08-01,-0.2,-0.43,0.97,-0.18,2,0,0,0,0,0,0,0,1,0,0,0,0
1990-09-01,-0.7,-0.26,1.06,-0.21,1,0,0,0,0,0,0,0,0,1,0,0,0
1990-10-01,0.3,-1.16,0.23,0.66,3,0,0,0,0,0,0,0,0,0,1,0,0
1990-11-01,-0.5,-1.88,-0.24,0.521,7,0,0,0,0,0,0,0,0,0,0,1,0
1991-03-01,-0.7,-1.11,-0.2,-0.527,6,0,0,1,0,0,0,0,0,0,0,0,0
1991-04-01,-0.6,-1.63,0.29,0.53,8,0,0,0,1,0,0,0,0,0,0,0,0
1991-05-01,-1.0,-1.65,0.08,0.486,13,0,0,0,0,1,0,0,0,0,0,0,0
1991-08-01,-0.4,-0.58,1.23,0.797,1,0,0,0,0,0,0,0,1,0,0,0,0
1991-10-01,-1.0,0.41,-0.19,-0.252,2,0,0,0,0,0,0,0,0,0,1,0,0
1991-11-01,-0.7,0.56,0.48,0.285,1,0,0,0,0,0,0,0,0,0,0,1,0
1991-12-01,-1.8,-0.21,0.46,1.613,1,0,0,0,0,0,0,0,0,0,0,0,1
1992-03-01,-2.0,0.12,0.87,0.984,1,0,0,1,0,0,0,0,0,0,0,0,0
1992-04-01,-1.0,0.55,1.86,-0.521,2,0,0,0,1,0,0,0,0,0,0,0,0
1992-05-01,0.3,1.26,2.63,1.341,3,0,0,0,0,1,0,0,0,0,0,0,0
1992-06-01,-0.6,1.22,0.2,-0.302,6,0,0,0,0,0,1,0,0,0,0,0,0
1992-07-01,-0.6,1.5,0.16,0.191,9,0,0,0,0,0,0,1,0,0,0,0,0
1992-08-01,0.4,0.85,0.85,0.535,1,0,0,0,0,0,0,0,1,0,0,0,0
1992-09-01,0.1,0.45,-0.44,-0.64,1,0,0,0,0,0,0,0,0,1,0,0,0
1993-05-01,-0.3,1.79,-0.78,-1.607,2,0,0,0,0,1,0,0,0,0,0,0,0
1993-06-01,-0.8,2.05,-0.59,-0.52,16,0,0,0,0,0,1,0,0,0,0,0,0
1993-07-01,-0.8,1.48,-3.18,-0.511,5,0,0,0,0,0,0,1,0,0,0,0,0
1993-08-01,-0.9,1.96,0.12,-0.393,9,0,0,0,0,0,0,0,1,0,0,0,0
1993-09-01,-0.7,1.15,-0.57,-0.361,1,0,0,0,0,0,0,0,0,1,0,0,0
1994-04-01,-1.3,0.49,1.14,0.225,13,0,0,0,1,0,0,0,0,0,0,0,0
1994-05-01,-0.7,0.55,-0.57,-0.115,1,0,0,0,0,1,0,0,0,0,0,0,0
1994-06-01,-0.4,0.1,1.52,1.606,1,0,0,0,0,0,1,0,0,0,0,0,0
1994-07-01,-1.3,-0.91,1.31,0.351,2,0,0,0,0,0,0,1,0,0,0,0,0
1994-08-01,-1.2,-0.88,0.38,0.828,3,0,0,0,0,0,0,0,1,0,0,0,0
1995-04-01,-0.7,0.49,-0.85,-0.963,1,0,0,0,1,0,0,0,0,0,0,0,0
1995-05-01,-0.4,0.89,-1.49,-0.891,55,0,0,0,0,1,0,0,0,0,0,0,0
1995-06-01,0.1,1.03,0.13,-0.112,4,0,0,0,0,0,1,0,0,0,0,0,0
1995-07-01,0.4,1.0,-0.22,-0.217,14,0,0,0,0,0,0,1,0,0,0,0,0
1995-08-01,0.3,-0.11,0.69,0.544,2,0,0,0,0,0,0,0,1,0,0,0,0
1996-02-01,0.3,1.01,-0.07,0.163,1,0,1,0,0,0,0,0,0,0,0,0,0
1996-04-01,0.8,1.37,-0.17,-1.525,40,0,0,0,1,0,0,0,0,0,0,0,0
1996-05-01,0.3,2.13,-1.06,-0.226,11,0,0,0,0,1,0,0,0,0,0,0,0
1996-06-01,1.2,1.1,0.56,0.497,4,0,0,0,0,0,1,0,0,0,0,0,0
1996-07-01,0.7,0.57,0.67,0.715,2,0,0,0,0,0,0,1,0,0,0,0,0
1996-08-01,0.7,-0.66,1.02,0.125,2,0,0,0,0,0,0,0,1,0,0,0,0
1996-10-01,0.6,0.4,-0.33,0.183,1,0,0,0,0,0,0,0,0,0,1,0,0
1996-12-01,0.9,-0.03,-1.41,-1.721,1,0,0,0,0,0,0,0,0,0,0,0,1
1997-04-01,-0.6,0.73,-1.02,0.324,20,0,0,0,1,0,0,0,0,0,0,0,0
1997-05-01,-1.3,1.59,-0.28,-0.961,5,0,0,0,0,1,0,0,0,0,0,0,0
1997-06-01,-1.4,2.55,-1.47,-0.815,1,0,0,0,0,0,1,0,0,0,0,0,0
1997-07-01,-0.8,1.49,0.34,-0.431,4,0,0,0,0,0,0,1,0,0,0,0,0
1997-08-01,-1.4,2.27,0.83,0.121,2,0,0,0,0,0,0,0,1,0,0,0,0
1998-03-01,-2.4,1.29,0.87,-0.254,1,0,0,1,0,0,0,0,0,0,0,0,0
1998-04-01,-1.4,0.03,-0.68,-0.038,46,0,0,0,1,0,0,0,0,0,0,0,0
1998-05-01,0.3,-0.83,-1.32,0.429,19,0,0,0,0,1,0,0,0,0,0,0,0
1998-06-01,1.0,-0.78,-2.72,-0.711,30,0,0,0,0,0,1,0,0,0,0,0,0
1998-08-01,1.2,-0.87,-0.02,0.65,1,0,0,0,0,0,0,0,1,0,0,0,0
1998-11-01,1.0,-0.97,-0.28,-1.449,1,0,0,0,0,0,0,0,0,0,0,1,0
1998-12-01,1.4,-1.09,0.87,1.353,1,0,0,0,0,0,0,0,0,0,0,0,1
1999-01-01,1.8,-0.78,0.77,0.11,3,1,0,0,0,0,0,0,0,0,0,0,0
1999-02-01,1.0,-1.06,0.29,0.482,3,0,1,0,0,0,0,0,0,0,0,0,0
1999-04-01,1.4,-1.85,-0.95,0.284,12,0,0,0,1,0,0,0,0,0,0,0,0
1999-05-01,0.2,-2.32,0.92,0.226,5,0,0,0,0,1,0,0,0,0,0,0,0
1999-06-01,0.3,-2.34,1.12,0.707,37,0,0,0,0,0,1,0,0,0,0,0,0
1999-08-01,0.4,-1.84,0.39,-0.672,2,0,0,0,0,0,0,0,1,0,0,0,0
2000-04-01,1.2,-0.63,-0.03,-0.279,6,0,0,0,1,0,0,0,0,0,0,0,0
2000-05-01,0.4,-0.81,1.58,0.969,35,0,0,0,0,1,0,0,0,0,0,0,0
2000-06-01,-0.2,-0.64,-0.03,0.586,7,0,0,0,0,0,1,0,0,0,0,0,0
2000-07-01,-0.2,-1.51,-1.03,-0.649,4,0,0,0,0,0,0,1,0,0,0,0,0
2000-08-01,0.7,-1.68,-0.29,0.144,1,0,0,0,0,0,0,0,1,0,0,0,0
2000-09-01,0.9,-1.45,-0.21,0.395,1,0,0,0,0,0,0,0,0,1,0,0,0
2000-10-01,1.1,-1.61,0.92,0.317,1,0,0,0,0,0,0,0,0,0,1,0,0
2001-04-01,0.2,-1.18,0.0,0.906,2,0,0,0,1,0,0,0,0,0,0,0,0
2001-05-01,-0.5,-1.12,-0.02,0.452,4,0,0,0,0,1,0,0,0,0,0,0,0
2001-07-01,-0.2,-2.21,-0.25,-0.031,4,0,0,0,0,0,0,1,0,0,0,0,0
2001-08-01,-0.4,-1.68,-0.07,0.521,6,0,0,0,0,0,0,0,1,0,0,0,0
2001-10-01,-0.0,-1.91,-0.24,0.707,5,0,0,0,0,0,0,0,0,0,1,0,0
2002-04-01,-0.1,-1.23,1.18,0.748,10,0,0,0,1,0,0,0,0,0,0,0,0
2002-05-01,-0.8,-1.3,-0.22,0.401,17,0,0,0,0,1,0,0,0,0,0,0,0
2002-06-01,-0.2,-1.18,0.38,0.573,8,0,0,0,0,0,1,0,0,0,0,0,0
2002-11-01,-0.5,1.08,-0.18,-1.425,2,0,0,0,0,0,0,0,0,0,0,1,0
2003-03-01,-0.3,1.01,0.32,0.933,1,0,0,1,0,0,0,0,0,0,0,0,0
2003-04-01,-0.1,0.36,-0.18,-0.178,15,0,0,0,1,0,0,0,0,0,0,0,0
2003-05-01,-0.3,0.21,0.01,1.017,74,0,0,0,0,1,0,0,0,0,0,0,0
2003-06-01,-0.6,-0.42,-0.07,-0.102,22,0,0,0,0,0,1,0,0,0,0,0,0
2003-07-01,0.3,0.37,0.13,0.075,3,0,0,0,0,0,0,1,0,0,0,0,0
2003-08-01,0.1,0.63,-0.07,-0.28,1,0,0,0,0,0,0,0,1,0,0,0,0
2003-09-01,-0.1,-0.17,0.01,0.467,3,0,0,0,0,0,0,0,0,1,0,0,0
2004-04-01,-0.9,-0.0,1.15,-0.409,16,0,0,0,1,0,0,0,0,0,0,0,0
2004-05-01,1.0,0.61,0.19,-0.094,37,0,0,0,0,1,0,0,0,0,0,0,0
2004-06-01,-0.8,-0.11,-0.89,-0.236,7,0,0,0,0,0,1,0,0,0,0,0,0
2004-07-01,-0.5,0.04,1.13,-0.201,9,0,0,0,0,0,0,1,0,0,0,0,0
2004-08-01,-0.3,0.24,-0.48,-0.72,6,0,0,0,0,0,0,0,1,0,0,0,0
2004-10-01,-0.1,-0.72,-1.1,-0.515,2,0,0,0,0,0,0,0,0,0,1,0,0
2004-11-01,-0.7,-1.22,0.73,0.678,3,0,0,0,0,0,0,0,0,0,0,1,0
2005-01-01,0.3,-0.15,1.52,0.356,1,1,0,0,0,0,0,0,0,0,0,0,0
2005-03-01,0.3,0.7,-1.83,-1.348,2,0,0,1,0,0,0,0,0,0,0,0,0
2005-04-01,-0.6,0.28,-0.3,-0.046,4,0,0,0,1,0,0,0,0,0,0,0,0
2005-05-01,-0.8,1.36,-1.25,-0.763,1,0,0,0,0,1,0,0,0,0,0,0,0
2005-06-01,0.4,0.85,-0.05,-0.383,7,0,0,0,0,0,1,0,0,0,0,0,0
2005-09-01,0.4,-0.99,0.63,0.802,1,0,0,0,0,0,0,0,0,1,0,0,0
2005-11-01,-0.2,-1.89,-0.31,0.228,5,0,0,0,0,0,0,0,0,0,0,1,0
2006-01-01,1.7,0.54,1.27,-0.17,1,1,0,0,0,0,0,0,0,0,0,0,0
2006-02-01,0.1,0.38,-0.51,-0.156,1,0,1,0,0,0,0,0,0,0,0,0,0
2006-03-01,1.8,-0.74,-1.28,-1.604,18,0,0,1,0,0,0,0,0,0,0,0,0
2006-04-01,1.1,-0.54,1.24,0.138,59,0,0,0,1,0,0,0,0,0,0,0,0
2006-05-01,-0.5,-0.37,-1.14,0.156,17,0,0,0,0,1,0,0,0,0,0,0,0
2006-06-01,-0.2,0.21,0.84,1.071,2,0,0,0,0,0,1,0,0,0,0,0,0
2006-07-01,-0.6,0.39,0.9,0.103,16,0,0,0,0,0,0,1,0,0,0,0,0
2006-09-01,-0.6,-1.54,-1.62,0.606,5,0,0,0,0,0,0,0,0,1,0,0,0
2007-03-01,0.2,-1.1,1.44,1.182,4,0,0,1,0,0,0,0,0,0,0,0,0
2007-04-01,-0.1,-0.46,0.17,0.544,2,0,0,0,1,0,0,0,0,0,0,0,0
2007-05-01,-0.1,-0.29,0.66,0.894,5,0,0,0,0,1,0,0,0,0,0,0,0
2007-06-01,0.5,-0.07,-1.31,-0.555,3,0,0,0,0,0,1,0,0,0,0,0,0
2007-08-01,0.4,0.09,-0.14,-0.034,2,0,0,0,0,0,0,0,1,0,0,0,0
2007-09-01,0.2,-0.97,0.72,0.179,4,0,0,0,0,0,0,0,0,1,0,0,0
2007-10-01,0.7,-2.33,0.45,0.383,2,0,0,0,0,0,0,0,0,0,1,0,0
2008-01-01,1.8,-1.5,0.89,0.819,3,1,0,0,0,0,0,0,0,0,0,0,0
2008-02-01,2.6,-1.46,0.73,0.938,2,0,1,0,0,0,0,0,0,0,0,0,0
2008-03-01,1.4,-1.26,0.08,0.586,1,0,0,1,0,0,0,0,0,0,0,0,0
2008-04-01,0.7,-1.79,-1.07,-0.455,4,0,0,0,1,0,0,0,0,0,0,0,0
2008-05-01,-0.1,-1.62,-1.73,-1.205,7,0,0,0,0,1,0,0,0,0,0,0,0
2008-06-01,0.6,-1.85,-1.39,-0.09,22,0,0,0,0,0,1,0,0,0,0,0,0
2008-07-01,0.3,-1.96,-1.27,-0.48,2,0,0,0,0,0,0,1,0,0,0,0,0
2008-08-01,1.0,-1.85,-1.16,-0.08,4,0,0,0,0,0,0,0,1,0,0,0,0
2008-12-01,1.4,-1.31,-0.28,0.648,3,0,0,0,0,0,0,0,0,0,0,0,1
2009-03-01,0.4,-2.06,0.57,0.121,19,0,0,1,0,0,0,0,0,0,0,0,0
2009-05-01,-0.1,-1.32,1.68,1.194,11,0,0,0,0,1,0,0,0,0,0,0,0
2009-06-01,0.1,-0.73,-1.21,-1.351,8,0,0,0,0,0,1,0,0,0,0,0,0
2009-07-01,0.2,-0.71,-2.15,-1.356,4,0,0,0,0,0,0,1,0,0,0,0,0
2009-08-01,-0.2,-0.49,-0.19,-0.054,10,0,0,0,0,0,0,0,1,0,0,0,0
2010-04-01,1.2,-0.04,-0.72,-0.275,4,0,0,0,1,0,0,0,0,0,0,0,0
2010-05-01,0.9,-0.18,-1.49,-0.919,4,0,0,0,0,1,0,0,0,0,0,0,0
2010-06-01,0.4,-0.79,-0.82,-0.013,27,0,0,0,0,0,1,0,0,0,0,0,0
2010-07-01,1.8,-1.99,-0.42,0.435,2,0,0,0,0,0,0,1,0,0,0,0,0
2010-10-01,1.7,-1.6,-0.93,-0.467,5,0,0,0,0,0,0,0,0,0,1,0,0
2010-11-01,1.3,-1.57,-1.62,-0.376,2,0,0,0,0,0,0,0,0,0,0,1,0
2010-12-01,2.9,-2.04,-1.85,-2.631,4,0,0,0,0,0,0,0,0,0,0,0,1
2011-02-01,2.7,-1.46,0.7,1.575,10,0,1,0,0,0,0,0,0,0,0,0,0
2011-04-01,1.9,-1.02,2.48,2.275,29,0,0,0,1,0,0,0,0,0,0,0,0
2011-05-01,0.4,-0.66,-0.06,-0.035,23,0,0,0,0,1,0,0,0,0,0,0,0
2011-06-01,0.2,-1.08,-1.28,-0.858,8,0,0,0,0,0,1,0,0,0,0,0,0
2011-07-01,1.0,-2.3,-1.51,-0.472,2,0,0,0,0,0,0,1,0,0,0,0,0
2012-01-01,1.1,-1.85,1.17,-0.22,2,1,0,0,0,0,0,0,0,0,0,0,0
2012-02-01,0.5,-1.35,0.42,-0.036,3,0,1,0,0,0,0,0,0,0,0,0,0
2012-03-01,0.7,-1.66,1.27,1.037,6,0,0,1,0,0,0,0,0,0,0,0,0
2012-05-01,0.0,-2.12,-0.91,0.168,6,0,0,0,0,1,0,0,0,0,0,0,0
2012-07-01,-0.0,-2.4,-1.32,0.168,1,0,0,0,0,0,0,1,0,0,0,0,0
2012-08-01,-0.2,-2.6,-0.98,0.014,4,0,0,0,0,0,0,0,1,0,0,0,0
2012-09-01,0.2,-2.99,-0.59,0.772,8,0,0,0,0,0,0,0,0,1,0,0,0
2013-01-01,-0.1,-1.1,0.35,-0.61,2,1,0,0,0,0,0,0,0,0,0,0,0
2013-04-01,0.2,-0.72,0.69,0.322,1,0,0,0,1,0,0,0,0,0,0,0,0
2013-05-01,0.8,-0.4,0.57,0.494,10,0,0,0,0,1,0,0,0,0,0,0,0
2013-06-01,1.2,-1.19,0.52,0.549,8,0,0,0,0,0,1,0,0,0,0,0,0
2013-07-01,0.8,-1.34,0.67,-0.011,2,0,0,0,0,0,0,1,0,0,0,0,0
2013-09-01,0.3,-1.0,0.24,-0.461,1,0,0,0,0,0,0,0,0,1,0,0,0
2013-10-01,-0.1,-1.65,-1.28,0.263,4,0,0,0,0,0,0,0,0,0,1,0,0
2013-11-01,0.7,-1.09,0.9,2.029,24,0,0,0,0,0,0,0,0,0,0,1,0
2014-02-01,0.1,-0.42,1.34,0.044,11,0,1,0,0,0,0,0,0,0,0,0,0
2014-04-01,0.8,0.36,0.31,0.972,6,0,0,0,1,0,0,0,0,0,0,0,0
2014-05-01,0.5,1.27,-0.92,0.464,2,0,0,0,0,1,0,0,0,0,0,0,0
2014-06-01,0.2,-0.28,-0.97,-0.507,17,0,0,0,0,0,1,0,0,0,0,0,0
2014-07-01,-0.2,0.25,0.18,-0.489,4,0,0,0,0,0,0,1,0,0,0,0,0
2014-10-01,-0.6,1.43,-1.27,-1.134,8,0,0,0,0,0,0,0,0,0,1,0,0
2015-04-01,-0.0,0.9,0.73,1.216,10,0,0,0,1,0,0,0,0,0,0,0,0
2015-05-01,-0.7,0.32,0.15,0.763,5,0,0,0,0,1,0,0,0,0,0,0,0
2015-06-01,-0.6,0.82,-0.07,0.427,26,0,0,0,0,0,1,0,0,0,0,0,0
2015-07-01,-1.1,1.41,-3.18,-1.108,10,0,0,0,0,0,0,1,0,0,0,0,0
2015-08-01,-1.4,0.98,-0.76,-0.689,6,0,0,0,0,0,0,0,1,0,0,0,0
2015-09-01,-1.6,0.97,-0.65,-0.165,2,0,0,0,0,0,0,0,0,1,0,0,0
2015-11-01,-0.5,0.17,1.74,1.945,2,0,0,0,0,0,0,0,0,0,0,1,0
2015-12-01,-0.6,0.29,2.24,1.444,6,0,0,0,0,0,0,0,0,0,0,0,1
2016-03-01,-0.1,1.56,0.73,0.28,7,0,0,1,0,0,0,0,0,0,0,0,0
2016-04-01,-1.2,1.74,0.38,-1.051,3,0,0,0,1,0,0,0,0,0,0,0,0
2016-05-01,0.4,1.6,-0.77,-0.036,5,0,0,0,0,1,0,0,0,0,0,0,0
2016-06-01,0.6,0.87,-0.43,0.313,20,0,0,0,0,0,1,0,0,0,0,0,0
2016-07-01,0.4,0.57,-1.76,0.085,4,0,0,0,0,0,0,1,0,0,0,0,0
2016-08-01,0.7,-0.63,-1.65,0.472,1,0,0,0,0,0,0,0,1,0,0,0,0
2016-09-01,1.2,-0.8,0.61,0.781,4,0,0,0,0,0,0,0,0,1,0,0,0
2016-10-01,-0.3,-0.43,0.41,-1.917,1,0,0,0,0,0,0,0,0,0,1,0,0
2017-02-01,-0.1,-0.02,1.0,0.34,15,0,1,0,0,0,0,0,0,0,0,0,0
2017-03-01,0.9,0.1,0.74,1.365,8,0,0,1,0,0,0,0,0,0,0,0,0
2017-04-01,-0.2,0.56,1.73,-0.089,3,0,0,0,1,0,0,0,0,0,0,0,0
2017-05-01,0.3,0.45,-1.91,-0.73,10,0,0,0,0,1,0,0,0,0,0,0,0
2017-06-01,-0.4,0.33,0.05,0.402,3,0,0,0,0,0,1,0,0,0,0,0,0
2017-07-01,0.8,-0.45,1.26,0.634,2,0,0,0,0,0,0,1,0,0,0,0,0
2017-08-01,0.5,-0.63,-1.1,0.15,4,0,0,0,0,0,0,0,1,0,0,0,0
2017-10-01,0.9,-0.68,0.19,0.69,1,0,0,0,0,0,0,0,0,0,1,0,0
2017-11-01,0.9,-0.6,-0.0,-0.078,3,0,0,0,0,0,0,0,0,0,0,1,0
2018-04-01,0.5,-0.82,1.24,0.544,6,0,0,0,1,0,0,0,0,0,0,0,0
2018-05-01,0.4,-0.45,2.12,1.18,6,0,0,0,0,1,0,0,0,0,0,0,0
2018-06-01,-0.1,-0.66,1.09,0.38,11,0,0,0,0,0,1,0,0,0,0,0,0
2018-08-01,-0.3,-0.24,1.97,0.836,2,0,0,0,0,0,0,0,1,0,0,0,0
2018-09-01,-0.9,-0.35,1.67,0.585,1,0,0,0,0,0,0,0,0,1,0,0,0
2018-12-01,1.0,-0.21,0.61,0.11,29,0,0,0,0,0,0,0,0,0,0,0,1
2019-01-01,-0.0,-0.34,0.59,-0.713,1,1,0,0,0,0,0,0,0,0,0,0,0
2019-04-01,0.1,0.09,0.47,-0.255,2,0,0,0,1,0,0,0,0,0,0,0,0
2019-05-01,-0.4,0.26,-2.62,-1.231,27,0,0,0,0,1,0,0,0,0,0,0,0
2019-06-01,-0.5,-0.07,-1.09,-0.601,10,0,0,0,0,0,1,0,0,0,0,0,0
2019-07-01,-0.4,0.52,-1.43,-0.89,1,0,0,0,0,0,0,1,0,0,0,0,0
2019-08-01,-0.1,-0.0,-1.17,-0.722,3,0,0,0,0,0,0,0,1,0,0,0,0
2019-09-01,-1.2,0.12,-0.16,0.306,4,0,0,0,0,0,0,0,0,1,0,0,0
2020-01-01,0.2,-1.41,1.34,2.419,1,1,0,0,0,0,0,0,0,0,0,0,0
2020-03-01,-0.1,-1.75,1.01,2.641,8,0,0,1,0,0,0,0,0,0,0,0,0
2020-04-01,0.2,-1.32,-1.02,0.928,1,0,0,0,1,0,0,0,0,0,0,0,0
2020-05-01,0.4,-0.53,-0.41,-0.027,16,0,0,0,0,1,0,0,0,0,0,0,0
2020-06-01,-0.4,-0.75,-0.15,-0.122,1,0,0,0,0,0,1,0,0,0,0,0,0
2020-07-01,0.4,-0.92,-1.23,-0.412,13,0,0,0,0,0,0,1,0,0,0,0,0
2020-08-01,1.1,-1.33,0.12,-0.381,15,0,0,0,0,0,0,0,1,0,0,0,0
2020-11-01,0.7,-1.58,2.54,2.086,8,0,0,0,0,0,0,0,0,0,0,1,0
2021-03-01,0.4,-1.67,0.73,2.109,3,0,0,1,0,0,0,0,0,0,0,0,0
2021-04-01,0.3,-1.84,-1.43,-0.204,1,0,0,0,1,0,0,0,0,0,0,0,0
2021-05-01,0.5,-2.04,-1.24,-0.161,12,0,0,0,0,1,0,0,0,0,0,0,0
2021-06-01,0.4,-1.82,0.77,0.845,15,0,0,0,0,0,1,0,0,0,0,0,0
2021-07-01,1.4,-2.0,0.03,0.63,8,0,0,0,0,0,0,1,0,0,0,0,0
2021-08-01,0.6,-0.95,-0.28,-0.209,16,0,0,0,0,0,0,0,1,0,0,0,0
2021-10-01,0.7,-3.13,-2.29,-0.146,10,0,0,0,0,0,0,0,0,0,1,0,0
2021-12-01,1.5,-2.71,0.29,0.198,8,0,0,0,0,0,0,0,0,0,0,0,1
